ID,Role,Region,Industry,Date,Salary_USD,Skills,Demand_Score,Supply_Score,Gap,Job_Postings
c5b1d5f4-35e3-462c-aaf2-76207ce5914c,Business Analyst,Midwest,Tech,2024-08-01,82701,"Docker, Leadership, Python, React, Machine Learning",71,58,13,6
6095112b-2961-4446-95f5-e75b0ce82582,DevOps Engineer,South,Finance,2024-06-11,104637,"Node.js, SQL, Python, Leadership, Communication, Excel",43,37,6,28
7bde0b14-bd29-4648-92c6-2d7e7d6455cf,Data Analyst,Northeast,Finance,2025-03-19,77547,"Azure, Excel, Leadership",92,31,61,40
7c5d7c2a-1a87-4b5b-a7b3-bb863cafe294,Cloud Architect,South,Finance,2025-01-24,150526,"Kubernetes, Excel, React, Azure, AWS",48,75,-27,46
b9c3700e-cd3a-41d8-b5b6-96df109d64f7,Cloud Architect,Midwest,Finance,2024-01-04,132316,"Docker, Leadership, Azure, React, SQL",94,46,48,14
aef6b147-547d-46b2-aac0-5e03b1da555d,Data Engineer,Midwest,Retail,2020-06-28,102095,"Excel, SQL, Spark",47,44,3,9
14106133-f615-4e8f-b3d3-473c719b3797,DevOps Engineer,South,Healthcare,2022-07-29,135159,"Deep Learning, GCP, React",77,94,-17,31
6e1b5629-782c-40b6-bc25-4c380869d8c3,Product Manager,Midwest,Finance,2024-09-30,126376,"Excel, AWS, Node.js, Docker",60,55,5,7
e96cae70-913f-45d1-9d80-5f689c540a66,DevOps Engineer,Northeast,Tech,2023-05-01,147682,"Docker, Tableau, Azure, Leadership, Deep Learning",60,87,-27,45
d7cf810f-2e31-4206-bf7b-60ecc99ecb00,HR Manager,Northeast,Retail,2025-08-07,89211,"SQL, AWS, Machine Learning",87,78,9,44
dd833ae3-597f-4619-8b01-4d78caa5b863,Business Analyst,Northeast,Finance,2020-12-14,79612,"Communication, Python, AWS",80,36,44,38
18ee9048-e26d-44fa-afbc-dec7583465d0,Data Scientist,South,Manufacturing,2025-01-13,123593,"Excel, Python, Docker, React, GCP",88,34,54,24
069ae1e6-0bec-451c-b3b9-0390ec86526a,Data Engineer,West,Manufacturing,2024-06-18,143326,"Excel, Deep Learning, SQL, Communication, Kubernetes",63,32,31,17
1ef3ca5a-7cd0-46f2-accf-b08bf859ef51,Data Analyst,West,Finance,2020-01-11,82559,"Python, Communication, React, Node.js, Azure, Excel",84,54,30,27
0ef72be0-7ed9-4dfe-b01b-0063399cc29c,Data Engineer,Midwest,Healthcare,2023-03-19,113601,"Machine Learning, Excel, AWS, Docker, Azure",55,74,-19,32
3b193caf-36be-43f4-a110-cb8767df2693,Data Analyst,West,Healthcare,2022-06-22,93539,"Azure, Node.js, Spark, Docker",92,55,37,8
a6fcbb92-a42c-4dc9-a732-b1ccae98ef23,HR Manager,West,Manufacturing,2023-04-15,107704,"Azure, Node.js, Spark",76,88,-12,31
a63580bd-280f-439c-b3db-25d7642891c0,Data Analyst,Northeast,Tech,2024-07-31,81308,"Machine Learning, GCP, Leadership, Python, React",74,95,-21,12
be6d2ad9-8076-4b85-99e7-418a32f97e75,DevOps Engineer,West,Retail,2023-07-03,139180,"GCP, Python, Kubernetes, AWS, Tableau",55,79,-24,34
535c1a10-7388-43fd-a3ee-6628adc85c42,Machine Learning Engineer,South,Manufacturing,2024-09-18,166050,"AWS, Azure, Docker, React, Communication",92,50,42,25
fcc3b284-65b9-4359-972b-0cb2cf238fb9,Software Engineer,West,Retail,2023-02-12,170076,"Deep Learning, Python, Tableau, Excel, Spark, Docker",53,53,0,32
0062b4ca-25f6-44c5-8b21-640c46ac59e0,HR Manager,Northeast,Tech,2024-12-08,87938,"Azure, Leadership, Docker",85,32,53,20
c69f2418-d444-4c31-a85d-20ad112c9c27,Cloud Architect,Northeast,Tech,2025-05-15,157266,"React, Python, Communication, GCP, SQL",91,39,52,5
4ba74d76-eeb2-4609-8a14-4cbcf38b55ac,Data Scientist,South,Manufacturing,2024-01-10,150776,"GCP, SQL, Kubernetes, Docker",48,85,-37,24
04cee1c6-cb57-40cf-95c2-2a8158b45c9f,Machine Learning Engineer,Northeast,Tech,2021-09-05,135898,"Python, Leadership, Machine Learning",89,80,9,42
edcdf23a-36db-471b-8642-d2032c4faa1b,Data Analyst,Northeast,Healthcare,2023-06-13,82353,"Excel, SQL, Machine Learning, Spark, Node.js",50,79,-29,50
0266e526-f76a-4be3-819a-ddcbd2526b7b,Software Engineer,Northeast,Healthcare,2021-04-11,114558,"AWS, GCP, React",75,39,36,39
72ba49ab-27d5-4a3e-b912-270eaed7534e,DevOps Engineer,West,Tech,2021-07-23,121866,"Docker, GCP, AWS, Leadership, Azure",66,61,5,38
3862f145-e61d-4d7e-b2c7-cc730c080705,Data Engineer,Northeast,Tech,2023-10-15,141382,"Tableau, Deep Learning, AWS, Machine Learning, Spark, Node.js",40,62,-22,33
d23af525-50eb-41f6-a91d-f9bda442078a,Data Analyst,South,Retail,2025-06-18,71447,"Kubernetes, Communication, Azure, Tableau, Deep Learning",41,30,11,11
cc5766b3-f802-43d1-aa8e-8619822a1554,Cloud Architect,South,Manufacturing,2022-10-11,147216,"Deep Learning, Leadership, GCP, React, Kubernetes",85,74,11,45
b0374012-ec5b-4545-b4d7-2d1e8eca6881,Cloud Architect,West,Retail,2020-01-06,205348,"SQL, Tableau, Deep Learning, Docker",43,40,3,10
ecd4f34a-9a82-42da-a5de-75aa3d16ea5e,HR Manager,Northeast,Tech,2024-06-17,119051,"Kubernetes, Docker, Communication, Excel, AWS, Node.js",91,52,39,9
a829bf30-becd-45de-a4af-4ae09e5926cc,Business Analyst,West,Manufacturing,2021-04-24,108489,"Excel, AWS, Tableau, Spark, Machine Learning, Leadership",98,95,3,40
fe385fa0-dfeb-4fcb-89fd-0668af7bee90,Data Analyst,Northeast,Manufacturing,2022-11-06,80996,"Python, SQL, Machine Learning",47,33,14,5
d86675b4-1b35-4170-91fe-e0a7bd8d71d6,Data Engineer,Midwest,Finance,2023-03-15,139388,"Node.js, SQL, Deep Learning, AWS",66,67,-1,30
89a4b0fb-a3e1-44dd-aa16-c28ed7eab639,Data Scientist,West,Finance,2022-08-20,171762,"GCP, Azure, Leadership, Spark, SQL, Machine Learning",43,53,-10,12
4ce3b6c0-82aa-4164-8a73-11d77998b2a8,Cloud Architect,South,Healthcare,2020-01-12,129539,"React, Tableau, GCP, SQL, Docker",74,50,24,15
c9f29a2f-0c23-41c0-92e3-3f3f4f3c604c,Product Manager,Northeast,Retail,2020-12-08,162507,"Communication, Node.js, SQL, Leadership, Docker",59,77,-18,8
b004d4d0-1983-4ec0-b9ff-c7cb059044c8,Cloud Architect,Northeast,Healthcare,2020-05-09,168420,"Spark, AWS, Communication",53,87,-34,33
4e5dfe74-e315-442f-9043-fe6817d4eba5,Cloud Architect,South,Tech,2023-06-22,173583,"Docker, Deep Learning, AWS, Leadership, Tableau",54,59,-5,27
5d9c14b6-4504-4a4b-9ee7-6be6128e81e0,Business Analyst,West,Manufacturing,2022-04-17,95099,"SQL, Node.js, Leadership, Spark, Machine Learning, Tableau",40,54,-14,19
6364623a-9e38-4cc3-9983-cbb358804a96,Software Engineer,Midwest,Tech,2022-04-02,127611,"Deep Learning, Leadership, SQL, Machine Learning, React",77,43,34,34
08b411fd-1e78-40be-98e8-724c2e68cfb0,DevOps Engineer,Midwest,Finance,2020-02-11,125311,"GCP, Communication, Docker, Azure, Kubernetes",90,49,41,50
459b72c8-e9bb-4560-b3a3-e3c26a666b0f,Data Analyst,South,Healthcare,2023-12-06,82048,"Python, Deep Learning, Node.js, Machine Learning",62,33,29,47
ebd02e3e-7ffa-4f88-8f5e-0232373107c4,Business Analyst,Midwest,Healthcare,2021-08-13,81069,"Machine Learning, Azure, SQL, Communication",44,39,5,32
a4411aa7-8827-418f-a2bd-1a3856a55b45,HR Manager,South,Tech,2025-03-12,97012,"Excel, Communication, Azure",54,93,-39,10
77233506-362d-4a2a-ac0f-76bd342c472c,Business Analyst,Northeast,Manufacturing,2020-01-04,83050,"Spark, Leadership, Communication, Tableau",78,46,32,5
6036a4a2-b04c-472b-a792-037c9ed9575f,Data Analyst,South,Finance,2022-09-19,80762,"Docker, Leadership, Spark, Deep Learning, SQL, Tableau",78,69,9,38
a1b9e23a-2666-448a-a3c0-4fd57086ed3f,DevOps Engineer,Midwest,Tech,2022-11-09,108971,"React, GCP, AWS",63,61,2,13
e1dd37d5-d1cf-447f-8478-8db0b5f1ede6,Software Engineer,South,Tech,2023-07-04,137973,"AWS, SQL, Python, Kubernetes",59,89,-30,17
b323cb1c-b62a-46ce-8ad5-6cd28a52ac6d,Software Engineer,Northeast,Tech,2020-05-04,116011,"Excel, AWS, SQL, Spark",75,33,42,6
036b4131-406c-44bf-b0ed-1c24fcc91f2e,DevOps Engineer,Midwest,Retail,2023-04-19,96785,"Spark, SQL, AWS, Communication, Kubernetes",47,71,-24,32
54c9555a-47a2-4904-be0a-f91bb4322d87,Cloud Architect,Northeast,Tech,2023-03-25,153341,"Machine Learning, Deep Learning, AWS, Spark",85,69,16,5
53b93615-fce4-4e85-b73b-955967055855,Cloud Architect,South,Manufacturing,2023-06-21,158736,"Spark, Python, Azure, Excel",80,43,37,18
fa5fb09e-a213-41d0-8d51-c60190b19c9c,Machine Learning Engineer,West,Finance,2023-07-08,154453,"Tableau, Machine Learning, AWS",45,66,-21,49
14b844ed-e7db-4e8f-9a9c-bea611475234,Cloud Architect,West,Tech,2025-06-12,179223,"Node.js, GCP, Excel",83,61,22,39
de1d28b9-0c8a-4d88-b318-c8ce13ab213a,HR Manager,Northeast,Healthcare,2021-09-11,117238,"Kubernetes, AWS, Spark",59,45,14,41
f86391c7-69ac-4deb-a0f6-24f216cc97ad,Software Engineer,Midwest,Tech,2021-03-11,110713,"Kubernetes, Machine Learning, Deep Learning, Leadership, Communication, Node.js",56,67,-11,11
9df21314-ec97-451d-a4aa-f4ef277d347a,Product Manager,South,Manufacturing,2024-01-21,134977,"Leadership, AWS, Azure, GCP",93,88,5,48
d5ab3e39-48ce-41bb-8e20-90bdbc869028,Data Engineer,Midwest,Manufacturing,2021-09-27,117917,"Azure, Communication, AWS",45,90,-45,33
98de570c-62a2-4209-809c-f6e60ea4ee63,Business Analyst,West,Finance,2024-05-19,113724,"AWS, GCP, React, Communication, Docker",85,35,50,12
abdf8c44-7aa7-4514-b5ca-de20e5608f60,Data Scientist,South,Manufacturing,2024-08-25,127276,"Communication, Azure, Node.js, Python, GCP",92,76,16,31
90c618ee-c302-4599-9c4b-8b3dae81293f,Business Analyst,West,Tech,2023-09-14,96869,"Node.js, Communication, SQL, Machine Learning",63,92,-29,14
5f36faa8-be61-46be-8ed9-76b73af86503,DevOps Engineer,Midwest,Manufacturing,2023-03-11,120700,"Spark, SQL, Kubernetes, Docker",43,67,-24,50
afdbc668-1c23-4712-8fda-c1abdf00f7fa,Data Analyst,South,Manufacturing,2024-03-08,88143,"Node.js, Machine Learning, Azure, Docker",71,52,19,11
c5485522-37d0-4ac8-a5c2-46d283702a79,Data Engineer,South,Tech,2022-04-20,131065,"Communication, Tableau, Docker, Python, Excel, Kubernetes",93,49,44,35
5cdd6bc9-1229-45a5-b186-b2b64a5faab7,Machine Learning Engineer,Northeast,Healthcare,2020-12-28,184887,"Machine Learning, GCP, Node.js, Kubernetes",84,92,-8,28
3d4e6e51-0004-4d6c-840f-6eec085f498d,Cloud Architect,South,Healthcare,2024-10-01,157877,"Spark, Tableau, Node.js",90,54,36,50
79877fa2-9bfd-49e6-a75e-cb0b869aadaf,Data Scientist,West,Healthcare,2025-02-21,197517,"Communication, Kubernetes, AWS, Azure, Spark",97,64,33,24
050ea34e-0100-4fb1-ae9d-1de98d1ba1f1,Software Engineer,Midwest,Healthcare,2020-12-31,113316,"GCP, Azure, Machine Learning",96,57,39,15
ffcc9884-da34-488c-b7d2-4ea7d8bc0701,HR Manager,South,Tech,2021-04-30,87020,"Python, Node.js, Tableau, SQL, Kubernetes",41,33,8,26
58780120-f0d8-4af8-95d9-0e106bc765fb,Software Engineer,Midwest,Tech,2020-05-23,131007,"Node.js, Spark, GCP, React",75,85,-10,8
33019505-1f9a-478c-93d0-e93eae0f58a1,Data Engineer,West,Retail,2021-11-14,182198,"Tableau, Spark, Python",94,72,22,16
ea0a5a48-bf61-46e4-aedf-6c269a8f5488,Software Engineer,West,Manufacturing,2025-09-12,167237,"Node.js, Kubernetes, Docker",54,33,21,41
a46d7cc8-fe5e-41f2-b25f-d61978000b9a,HR Manager,West,Tech,2025-10-02,97886,"Node.js, Machine Learning, Leadership, Python, Docker, Tableau",53,80,-27,35
2eb0e947-9d24-4d76-a9c6-b87c89b6347b,Product Manager,Midwest,Finance,2024-05-21,139620,"Deep Learning, Docker, Excel, Leadership",62,39,23,5
53774869-4889-49ff-8d16-e57fa0b95f1d,Data Analyst,Midwest,Tech,2021-12-30,63679,"Docker, Azure, Python, Deep Learning",65,72,-7,23
67bae307-5a0c-4d1a-ad7c-82e8215cb70f,Cloud Architect,South,Manufacturing,2023-01-13,133628,"Tableau, Leadership, Excel, Docker, Communication",66,53,13,24
3a1da6bd-23be-458f-9c61-fda51548c37f,DevOps Engineer,Midwest,Tech,2025-01-18,99394,"Kubernetes, Leadership, Excel, Machine Learning",79,50,29,26
870be567-b25a-4674-b352-61c05dd35e0e,HR Manager,West,Finance,2024-08-25,120455,"Azure, React, SQL",57,43,14,32
dc880338-41f8-4495-bdb6-191bb580f904,Product Manager,Northeast,Tech,2024-04-25,160685,"Docker, SQL, AWS, Excel, Spark",92,85,7,14
f0847af0-ed5c-4186-bb23-962413c2fb51,Data Scientist,West,Finance,2022-12-30,149111,"Kubernetes, Python, Tableau, AWS, SQL",74,30,44,32
fee8d08a-ca70-4c60-8212-fc0b5851c1d1,Data Engineer,Midwest,Finance,2023-01-21,127539,"Excel, Azure, Node.js, Kubernetes, Communication",81,49,32,16
e077c28f-3687-492e-ad45-8e8af2102e41,Machine Learning Engineer,Midwest,Finance,2023-08-06,149550,"Machine Learning, Docker, Deep Learning, Tableau",54,58,-4,31
1d98af80-00c9-40cf-9358-0136390f3103,Data Scientist,Midwest,Healthcare,2022-12-04,123584,"React, Leadership, Spark",41,85,-44,10
1da02299-40d3-4ed2-8d93-a3114349852a,Business Analyst,West,Retail,2023-06-07,92210,"Excel, Python, SQL, Spark, Leadership",68,89,-21,40
ff990e18-a6e7-483b-916e-6461315f5106,DevOps Engineer,Northeast,Tech,2023-07-27,136425,"GCP, Docker, Tableau",55,67,-12,38
e0f60424-20ac-4b48-a760-5c43633bddfa,Product Manager,Midwest,Healthcare,2023-12-07,100938,"Deep Learning, React, SQL",58,40,18,39
aa706af2-b40c-4c1d-9e57-8c45b67482a5,Machine Learning Engineer,Midwest,Retail,2020-11-17,148751,"Kubernetes, Tableau, Spark, AWS, GCP, Docker",87,45,42,12
686e815f-3939-4928-994c-a2c8f1c1ae97,Business Analyst,South,Tech,2022-12-28,88395,"React, AWS, Spark, Kubernetes, Excel",80,32,48,30
9826b39f-eaf2-4472-80fa-40f66cac7584,Cloud Architect,West,Tech,2023-07-12,195587,"AWS, Machine Learning, Deep Learning, Leadership, Python",89,49,40,19
860634b7-bd14-4950-8737-cc178949d7cb,HR Manager,Midwest,Retail,2023-01-11,91690,"Docker, Azure, Python, Spark, Deep Learning",92,44,48,43
219e5eb6-dc5c-4c27-bfec-694b65f1f936,HR Manager,South,Healthcare,2022-01-10,80519,"Leadership, Kubernetes, React, AWS, Communication",47,73,-26,47
7a4dd774-a19b-492a-ad11-581ab7f284a4,Software Engineer,Midwest,Finance,2024-07-15,104761,"Leadership, Node.js, GCP, Excel, Docker",83,77,6,17
79791f07-2147-4b90-87f1-3dfe6ced597f,Product Manager,Northeast,Healthcare,2022-02-22,140999,"GCP, AWS, Docker, React, SQL",84,87,-3,44
c9c479f0-92c2-4524-8146-3f9e8ae7a6a6,Cloud Architect,West,Finance,2025-03-31,201613,"Deep Learning, Docker, Azure",61,61,0,21
e280e60a-de4d-4e31-8107-ab7ae7e22d13,Data Engineer,South,Finance,2020-11-22,147203,"Azure, Node.js, AWS",75,40,35,50
9a392db7-a13c-44b8-b351-841293a192ed,Data Engineer,West,Tech,2020-07-01,154491,"SQL, Kubernetes, AWS, React",75,38,37,49
1505ccc8-6976-492a-b850-c25acc991add,Data Scientist,South,Finance,2020-05-30,145344,"AWS, Node.js, Docker, Leadership",83,33,50,6
fc4db5a9-65f3-413c-a729-af98c533eb04,Cloud Architect,Northeast,Tech,2025-04-06,185708,"Deep Learning, Azure, React, Leadership",94,40,54,41
7565d6bd-b99c-4413-8fa6-0a66f470c653,Data Engineer,Northeast,Finance,2024-03-25,126912,"Azure, SQL, Tableau",56,88,-32,15
5406859e-44e2-4ce6-8fe3-0f0f7bb73f6c,Data Scientist,West,Finance,2021-02-11,166130,"SQL, Deep Learning, Excel",58,95,-37,32
8a6de5c4-b820-41f3-8042-cacacb71ecb0,DevOps Engineer,West,Finance,2025-09-19,132056,"AWS, Spark, Node.js, Kubernetes, GCP, Machine Learning",66,44,22,37
0900ee8c-a971-400c-86bb-10d5b6ec0353,Product Manager,South,Tech,2020-10-05,134430,"Azure, Spark, Python",73,35,38,15
8a8e1b5c-99df-4f6e-8218-9081789c5d54,Data Analyst,West,Retail,2022-06-17,75898,"Machine Learning, Deep Learning, Azure, AWS, Leadership, GCP",46,47,-1,23
d67a1b19-f85e-40c6-a2dc-b9902bad3402,Cloud Architect,West,Finance,2023-01-30,182212,"Communication, SQL, Deep Learning, Docker, Azure, Kubernetes",60,90,-30,47
32129862-f190-4396-94af-d728409d90c3,Data Scientist,Midwest,Healthcare,2020-09-29,133795,"GCP, Kubernetes, Docker, Spark",81,38,43,35
e9526b25-cf29-4d81-8cca-5c3b63e3937e,Cloud Architect,West,Manufacturing,2021-03-18,199300,"Excel, AWS, Machine Learning, Node.js, Kubernetes, Deep Learning",41,90,-49,7
4f3cab35-c364-475e-a26d-66b395120cd3,Business Analyst,Northeast,Manufacturing,2020-06-06,86014,"Kubernetes, Node.js, AWS, Deep Learning, Docker, Azure",41,37,4,13
1f2977b2-5fde-483f-86df-e76467edb239,Business Analyst,Midwest,Finance,2022-08-01,85971,"React, Excel, GCP, Node.js",72,49,23,45
fcb420f7-d01a-40fe-80e5-319e98657801,Data Engineer,Midwest,Healthcare,2020-06-14,122653,"React, Communication, Docker, Python, Machine Learning",99,70,29,9
d3636622-b108-44b6-9f78-bbcc0279cec6,Data Scientist,South,Retail,2021-05-30,124920,"Spark, AWS, Node.js, Kubernetes, Deep Learning, Machine Learning",40,60,-20,7
464f44b3-4f21-48e4-a273-856bdfd6c159,HR Manager,South,Finance,2020-03-09,93162,"Spark, Kubernetes, Tableau, Deep Learning, Node.js, Excel",58,93,-35,26
9ef0de20-876b-4ce6-aff0-ff9628598874,Data Scientist,South,Finance,2021-03-25,127140,"Deep Learning, Kubernetes, Python, GCP, Azure",87,92,-5,43
d5ec76e6-9c70-4e16-8c97-7de1dce5bc2c,Data Engineer,West,Retail,2021-01-03,149948,"Machine Learning, Python, Kubernetes, Spark",95,35,60,48
1831b80c-7c37-4576-9d3f-1cdaa4cdf67c,Cloud Architect,Northeast,Tech,2025-01-03,181455,"Docker, Machine Learning, Kubernetes",40,44,-4,35
8de397dd-a2a3-4193-b54f-8a9677c427c4,DevOps Engineer,South,Retail,2024-06-03,105471,"Kubernetes, Docker, AWS, Communication, Machine Learning",79,63,16,46
f4c001df-934f-42a8-8d71-2545491713a4,Business Analyst,Midwest,Healthcare,2025-06-11,73603,"React, Excel, GCP",97,50,47,47
2ceb5814-daed-4c15-a121-ef8fbd222555,Data Scientist,South,Healthcare,2024-03-31,148809,"GCP, Leadership, Tableau, Communication, SQL, Excel",65,91,-26,46
1a653f02-ca64-49f6-99f0-ecf078331be6,Data Engineer,South,Tech,2025-05-31,123207,"GCP, Python, SQL, Docker",52,95,-43,38
3371db6a-87dc-4b2e-8ffa-a449555d0e98,Cloud Architect,Northeast,Retail,2020-02-12,188300,"SQL, Docker, Azure, Excel",84,84,0,45
e24a7f32-67c8-4952-944f-e791e0037a04,Data Engineer,West,Retail,2022-08-15,158629,"Deep Learning, Tableau, Communication, Kubernetes, Azure",89,32,57,19
6467a061-c6eb-4777-863b-ad0327401b23,DevOps Engineer,South,Finance,2021-05-23,123481,"React, Deep Learning, AWS, Communication",96,93,3,44
69bed098-54ae-453b-9fc3-9992534bdb9b,Product Manager,South,Healthcare,2025-07-09,131315,"Excel, Docker, Python",82,87,-5,8
e5c15e5a-569f-452b-be44-6eac41c7846b,Software Engineer,Midwest,Tech,2021-07-12,121676,"Azure, Leadership, Communication, Spark, Excel",83,30,53,9
a2c01f74-70c2-4a10-b0cd-832183ca2e21,Product Manager,Midwest,Healthcare,2023-10-13,100705,"Excel, SQL, AWS",82,64,18,10
ca9e1d76-1dcd-4734-a0d9-471e43289d9f,DevOps Engineer,Northeast,Manufacturing,2022-07-20,138840,"Kubernetes, Excel, Tableau, Azure, GCP",96,43,53,11
77f3b7e2-a412-4588-a5db-43267b3f7f3d,Business Analyst,South,Tech,2021-05-25,81057,"Communication, Deep Learning, AWS, React, SQL",81,49,32,50
f2f0491a-e86d-4c7a-a789-d3a4a3a5dc6a,DevOps Engineer,South,Retail,2025-11-14,126296,"Leadership, Machine Learning, Kubernetes, GCP, AWS",58,89,-31,20
b8390a8e-7f1e-4e05-978d-5121e859a93a,Software Engineer,Northeast,Retail,2022-10-10,126522,"Communication, Tableau, Azure, Leadership, Docker, Excel",43,67,-24,37
daae963b-e6e1-4655-a972-6dd2a615856e,DevOps Engineer,Northeast,Manufacturing,2022-11-05,131065,"Excel, GCP, React, Azure",57,94,-37,44
ab25a866-23db-4392-b0b7-c24863e19635,DevOps Engineer,Midwest,Finance,2021-05-15,123348,"Deep Learning, AWS, Node.js, Tableau, SQL",73,51,22,6
6b2b7d2e-a675-4104-a421-3cfa05119694,HR Manager,Midwest,Finance,2023-04-05,92338,"Tableau, SQL, Leadership, React, Docker, Python",57,62,-5,29
f72ca411-9603-4ee9-8490-240aca69c3c2,Machine Learning Engineer,West,Finance,2020-11-22,192366,"AWS, React, Deep Learning, SQL",63,32,31,7
b2de4a3e-1f92-44d1-a687-f263d6fdc44f,Machine Learning Engineer,West,Healthcare,2024-12-29,170968,"GCP, Spark, SQL, Communication, Machine Learning",74,93,-19,7
1696a723-9b43-4f18-99f6-57c8f1c5f477,HR Manager,West,Finance,2023-04-19,94902,"Communication, Docker, Kubernetes, React, Leadership",76,45,31,9
e3fb967c-9e66-4cf1-8576-5ac4a1d46414,Data Analyst,Midwest,Healthcare,2024-05-26,72560,"AWS, SQL, Excel, Tableau",57,93,-36,21
66057839-052e-4490-82db-99717c0d7ff2,Business Analyst,Midwest,Retail,2024-03-24,76840,"Deep Learning, Azure, Excel, Node.js, Tableau",54,74,-20,23
e9112e51-3302-41f6-a6da-10c2bc6cb906,Product Manager,West,Healthcare,2021-05-05,130983,"GCP, React, Kubernetes",51,81,-30,16
02befb4b-6c82-4724-ba5b-6b5b37a0bdd3,HR Manager,Midwest,Retail,2020-04-30,79963,"Deep Learning, Node.js, GCP, Azure",54,89,-35,25
bdec203c-afc1-49de-bb12-5bf876f8ee8f,Product Manager,Midwest,Retail,2023-09-18,105474,"Docker, Node.js, Kubernetes, Machine Learning, Excel, SQL",63,65,-2,46
5ad11e06-5e5e-4336-981d-aaf63ed432ef,Data Engineer,Northeast,Retail,2022-03-13,158171,"Node.js, Docker, Leadership, React, Tableau, Spark",89,50,39,6
8c5f6da8-1997-4cc6-acb6-25131372cc09,HR Manager,South,Manufacturing,2020-10-28,104661,"GCP, Tableau, AWS, Spark",51,52,-1,35
b1ae3c89-6759-469e-a359-1c7faf789910,DevOps Engineer,West,Finance,2024-11-27,141119,"Communication, Leadership, Spark, Machine Learning",77,83,-6,26
949d6ff7-90e0-4058-8fe2-64764497c632,HR Manager,West,Manufacturing,2020-12-10,119465,"React, Azure, Docker",46,62,-16,17
14eb48dd-5a4d-4280-8b61-094ee550e744,Data Engineer,South,Manufacturing,2022-10-06,120823,"Deep Learning, Python, GCP, Excel, Kubernetes, Spark",63,93,-30,31
b9478621-7563-478d-a089-5eebc424334d,Data Engineer,South,Healthcare,2024-09-20,112260,"Tableau, Communication, Machine Learning, Python, Kubernetes",50,44,6,6
30bd6de3-b99f-4977-a208-39549beeb40a,Data Engineer,Midwest,Healthcare,2024-10-21,118639,"Leadership, Deep Learning, Tableau, SQL, Node.js",80,44,36,21
c3d4fa51-6a90-4483-8867-e7b31cf5d383,HR Manager,Midwest,Retail,2024-02-19,99439,"Communication, AWS, Tableau, Python, GCP",96,33,63,38
86c9fa6c-355e-48a8-8b73-3324ef2748a6,Cloud Architect,South,Finance,2021-09-23,134559,"Docker, React, SQL",48,50,-2,38
57dbce01-21f8-4294-92f7-42fe6c1112d8,DevOps Engineer,West,Finance,2025-05-15,141060,"Kubernetes, Azure, Docker, Machine Learning, Communication, Node.js",92,30,62,9
8fb472ed-d8af-4681-b004-63891d586e86,Software Engineer,South,Manufacturing,2023-08-19,118894,"SQL, Azure, AWS, Leadership, Docker",73,65,8,15
ae8df710-fbaf-4827-8c79-0c3dcb1e33ad,DevOps Engineer,West,Manufacturing,2023-04-01,162599,"Excel, Tableau, Docker, Deep Learning, Leadership, React",44,68,-24,47
ffba28d1-57bf-4d0a-8a11-2676104956f5,Data Analyst,West,Tech,2021-03-21,90709,"Docker, AWS, Tableau, Excel, Machine Learning",90,31,59,48
47be584d-0ba0-4383-bb9a-b08489c6ad9f,Software Engineer,South,Retail,2020-11-13,114668,"Docker, Machine Learning, Kubernetes, AWS, Tableau, GCP",74,38,36,46
bdc15230-e1e0-42f5-b27d-a187e1f7b5c1,Product Manager,West,Manufacturing,2021-02-13,172444,"React, SQL, Leadership, AWS, Excel, Tableau",53,61,-8,26
910cc307-97ee-47ab-b690-0de0099c4677,Data Engineer,South,Tech,2022-09-16,122284,"Python, Deep Learning, Communication",92,66,26,21
3a6a0342-2458-4dbf-8ac6-ade9767698b5,DevOps Engineer,West,Tech,2023-07-11,126760,"Excel, AWS, Tableau",43,58,-15,42
d6309e73-c34e-4e10-91c4-bc16c0b859d6,DevOps Engineer,West,Tech,2022-02-14,169275,"Azure, GCP, Tableau, AWS, Excel",54,37,17,37
062f650c-72dd-4141-835b-9675a5c6d2f6,Data Analyst,Midwest,Manufacturing,2025-12-29,64710,"Leadership, Tableau, Spark, GCP, Deep Learning, Node.js",90,74,16,26
8d4a14af-ed33-4126-8302-015836b8d37a,Data Engineer,South,Healthcare,2025-04-05,115201,"SQL, Azure, Tableau",60,76,-16,5
2d5d138d-b5ba-42c3-95a1-045cba5b10ab,Business Analyst,West,Healthcare,2020-10-19,108416,"React, Spark, AWS, Kubernetes",100,91,9,11
ab4cbbb6-4163-4928-9d15-5c658bf21ed2,Product Manager,West,Healthcare,2022-03-12,131020,"AWS, Machine Learning, Excel, Python, Kubernetes",96,76,20,41
c0f201bc-9c8e-4a37-9205-b9eacb1cc4c1,Machine Learning Engineer,South,Finance,2021-03-24,165320,"Machine Learning, Spark, Tableau, GCP",73,37,36,23
cc5f4a2d-afeb-4f29-9d77-1578f73882c0,Machine Learning Engineer,Northeast,Manufacturing,2025-08-20,169779,"Docker, GCP, Leadership",73,48,25,15
ed8af023-144b-4e8f-aa3e-c9cdb8206c8e,Data Scientist,South,Healthcare,2020-05-04,149268,"Kubernetes, AWS, GCP, Communication, Node.js, Leadership",57,35,22,39
a4d79288-aa2d-4006-835e-65d6e4a0e741,Cloud Architect,Northeast,Finance,2021-01-06,160470,"Communication, Excel, Python, Node.js, Leadership",80,82,-2,11
534fe3c0-73fa-4e72-82c1-9f2a0a35db67,Data Analyst,Midwest,Manufacturing,2021-12-06,83327,"Docker, Deep Learning, Machine Learning, GCP",98,95,3,45
c248ae96-7056-474c-a20e-d71113a21934,HR Manager,South,Manufacturing,2021-07-31,96813,"Node.js, Kubernetes, Deep Learning, Python, Tableau",71,47,24,16
a76771c3-3f01-41fa-87be-86bd5c418f09,Data Scientist,Midwest,Tech,2025-03-13,113349,"Tableau, Machine Learning, AWS",87,41,46,18
2131276d-9882-48d1-b7e2-ad1d9bc1f13a,Cloud Architect,South,Retail,2020-10-19,162824,"Spark, Deep Learning, Docker, Python, Machine Learning",47,93,-46,34
31e125f3-9712-429f-9dbc-619d71e5a808,DevOps Engineer,Midwest,Manufacturing,2020-12-05,119500,"AWS, Machine Learning, Azure, Deep Learning",87,31,56,46
5b3988be-1f43-48ff-aa28-2d2554ca33a1,Machine Learning Engineer,South,Healthcare,2023-04-10,169878,"Kubernetes, Communication, Azure, Python, React, Deep Learning",58,93,-35,36
76a69227-9d48-462d-b337-31d4ee0cc9eb,HR Manager,Northeast,Finance,2020-04-19,93175,"Leadership, React, AWS, Docker, Spark",46,65,-19,25
a1ea8006-69c6-43fa-904f-0c0a533fba84,Data Analyst,Northeast,Manufacturing,2023-01-23,73312,"Kubernetes, Deep Learning, Communication, Leadership, React",75,69,6,42
2ee25835-6324-4bef-a1f1-0c1bc395e66a,Data Engineer,Northeast,Retail,2025-07-20,169568,"Python, AWS, Leadership, Deep Learning, Azure, Kubernetes",77,34,43,21
51b20ec3-a430-4967-8589-3f0f0dee563f,Data Analyst,West,Finance,2025-03-28,83549,"Python, Machine Learning, Azure, Docker, SQL, Excel",79,41,38,38
2b05569d-83f4-4e03-95f5-7420dd3ee792,Software Engineer,Midwest,Finance,2020-08-30,122500,"Machine Learning, SQL, React, Docker",90,59,31,13
2be9eb87-cd97-478e-9fd6-4c921b114b30,HR Manager,Midwest,Finance,2020-06-13,91470,"AWS, Azure, Leadership",91,35,56,8
851ec13b-5ac9-47e1-be4d-7bb8c685cad4,Data Engineer,West,Retail,2022-04-13,144133,"Python, Spark, Node.js, SQL, AWS",78,55,23,10
58d034c7-af72-4de2-82c8-4b110aa3a2b7,Data Engineer,Midwest,Retail,2020-09-10,133904,"Python, Azure, Docker",61,72,-11,18
f6057a9b-c020-4997-aea2-c7e964a8fcef,Cloud Architect,Northeast,Tech,2025-07-25,144518,"AWS, SQL, Docker, Excel",76,86,-10,34
090416c0-44ab-463d-a398-ed79380a3b33,Cloud Architect,Midwest,Manufacturing,2021-08-17,160392,"Machine Learning, React, Deep Learning, Azure, Node.js, Kubernetes",53,46,7,19
b17325a8-e998-4418-aede-b3615b3d413a,Cloud Architect,South,Tech,2023-01-20,169715,"Docker, Kubernetes, GCP, AWS",92,38,54,27
1242c1f8-f4ba-4e3c-9df4-6509069e9bdd,Software Engineer,Northeast,Retail,2025-01-12,132231,"Azure, Node.js, Tableau",65,34,31,9
b628a546-efab-4b3d-8e08-04ac4b2160ba,Product Manager,West,Tech,2025-04-07,158523,"Azure, React, Docker, GCP, SQL",58,75,-17,20
c1e05b18-aff5-4392-a3b7-c58339179582,HR Manager,West,Manufacturing,2022-08-08,107765,"React, Leadership, Deep Learning, Azure, Node.js, Tableau",76,52,24,36
46407389-db35-4476-a90e-40b389fcdd3e,Product Manager,South,Manufacturing,2023-03-27,128708,"Deep Learning, GCP, Communication, Excel, Machine Learning, SQL",40,83,-43,5
cae1e5ce-4efe-4bd3-8d60-2985cb21f422,Software Engineer,South,Tech,2024-11-22,126611,"Azure, Kubernetes, Tableau, GCP, Machine Learning, Spark",65,84,-19,20
42e3086d-b9e1-416a-ae22-13db214879a8,Business Analyst,Northeast,Tech,2023-01-03,99974,"GCP, React, Spark, Leadership, Azure",74,87,-13,28
e83d56ea-dd1e-45ed-bbd8-b85a65d83030,Cloud Architect,Northeast,Healthcare,2025-04-12,185414,"Excel, Communication, Python, Azure",57,63,-6,40
f536de6f-4b02-4d91-9be8-78739fd34470,Machine Learning Engineer,Northeast,Manufacturing,2021-10-28,162050,"React, Leadership, Kubernetes, Deep Learning, SQL",91,50,41,21
ff9977ea-c741-4fc8-bf0a-a8103e84755e,Cloud Architect,Northeast,Retail,2025-11-26,171846,"Communication, Excel, Spark",79,90,-11,10
4c5ece0e-545e-40de-8071-f648a390358f,Software Engineer,South,Healthcare,2024-05-13,141354,"Communication, GCP, Kubernetes, Node.js",93,64,29,46
3cb73fab-a629-444c-846b-fb812cf64b74,Product Manager,West,Tech,2023-09-02,184688,"Python, Node.js, Deep Learning, Machine Learning",85,81,4,33
8b2e2009-38c4-4091-9345-d43a6602355e,DevOps Engineer,South,Finance,2020-06-25,135381,"Kubernetes, Leadership, Tableau, Communication",81,70,11,42
4d7d9a28-313d-43de-89fb-4e5fb3655d09,Data Engineer,Midwest,Healthcare,2022-05-02,102444,"GCP, Tableau, Deep Learning",99,79,20,46
37a096d1-daa3-4c4b-a916-748e5ad1a131,DevOps Engineer,Midwest,Manufacturing,2025-03-05,97670,"Kubernetes, SQL, Azure, Python, Excel, Deep Learning",48,70,-22,15
0c0a20a0-9440-4551-bc6f-82ce3941f387,HR Manager,South,Finance,2020-08-19,83181,"GCP, Spark, Azure",52,62,-10,11
83a7dc6d-d803-43b3-b7f4-020ba4c504bd,Product Manager,West,Retail,2025-02-11,145817,"Spark, React, Excel, Azure, GCP",100,72,28,31
6ca5abb2-279b-4933-b113-082e21831592,HR Manager,West,Healthcare,2024-08-04,114070,"React, AWS, Kubernetes, SQL",53,51,2,16
ff7eeb70-2bdd-47c0-b188-21f1a88aea0e,Machine Learning Engineer,West,Retail,2021-11-08,149372,"Leadership, GCP, SQL, Azure, Spark, Machine Learning",86,95,-9,22
157f5c86-1288-4162-aa50-a735c34ebc37,Data Analyst,West,Healthcare,2021-02-24,99865,"Excel, Tableau, GCP, Kubernetes, Node.js, React",93,60,33,20
c316b0b8-b1ce-4bcb-b411-f3b1bb3e174b,Business Analyst,West,Healthcare,2021-10-13,104840,"Node.js, Python, Excel, Leadership, SQL",61,88,-27,17
a6a1e4e6-78ad-4941-9b2c-c74b89975a16,Cloud Architect,Midwest,Finance,2021-09-24,129649,"Python, Docker, Spark, GCP",61,32,29,36
bf7d1f67-1fcd-4c16-a586-013875265bcd,Cloud Architect,Northeast,Healthcare,2020-06-16,141060,"Communication, React, Kubernetes, Tableau, Python, Azure",88,94,-6,6
21c5636b-dbbe-4679-8830-603de938ef61,Business Analyst,Midwest,Tech,2021-08-23,65206,"GCP, Communication, Leadership",94,84,10,44
ece80ada-7bda-4d28-a438-3ed7b8ba61e0,Data Analyst,Northeast,Retail,2024-05-22,90921,"Tableau, GCP, Excel, Python, React",93,52,41,9
e26b74d6-8c4f-4ab7-a776-e9f24766d963,Data Analyst,South,Healthcare,2024-09-01,68983,"Communication, Tableau, AWS",97,53,44,39
a715dacc-a161-4218-9a48-b077281ed404,Data Engineer,West,Retail,2022-11-12,163898,"Kubernetes, Excel, AWS",55,81,-26,16
0b8d76d6-fac4-48ed-b0ba-f3e4bca2b496,Software Engineer,South,Retail,2020-07-21,141417,"Leadership, React, Deep Learning, AWS",66,83,-17,45
5f30b8d8-ddbd-4c3a-8aad-e244d29929ff,HR Manager,Northeast,Tech,2020-07-12,99726,"Tableau, Python, Node.js, Machine Learning",50,87,-37,14
732a9e44-8ff4-4c39-ac6b-b119b52cffdb,DevOps Engineer,Midwest,Tech,2020-07-28,126513,"Leadership, Node.js, Kubernetes, Spark, AWS",75,92,-17,47
8117c30c-f94f-4d30-ac88-a2bfa7cb8dcd,Business Analyst,West,Healthcare,2024-12-17,93049,"Leadership, React, Spark",81,77,4,12
1e289113-3522-426b-a085-dfb7193b789b,Data Analyst,Northeast,Finance,2020-04-26,91641,"Python, Docker, Deep Learning, Kubernetes, Communication",60,30,30,27
84bb2d4e-53b8-4528-ba5b-9df12cca944c,Cloud Architect,South,Retail,2023-11-29,135020,"Node.js, Deep Learning, Machine Learning, Excel",66,56,10,37
fde688c3-c2af-4070-9bbf-8e14522a93be,HR Manager,Midwest,Retail,2021-08-02,70733,"Docker, Python, Spark, Communication, SQL, Kubernetes",58,32,26,30
a7bde9a8-cf52-4b36-b319-f6de56c5af3a,Machine Learning Engineer,Midwest,Finance,2021-10-23,158354,"Kubernetes, Communication, Docker, React, Machine Learning, Node.js",69,71,-2,46
95ef0958-6182-40d8-8309-d4d04a5f27f4,Software Engineer,Northeast,Finance,2024-09-30,137699,"Spark, Node.js, Leadership",66,56,10,8
99892988-450a-450a-b754-3518e58865f3,Data Scientist,South,Finance,2022-09-17,141835,"Azure, Tableau, Communication, SQL, AWS, Leadership",71,95,-24,13
d900495f-d486-4bce-b909-554cd7ffaf2a,Software Engineer,Midwest,Retail,2024-03-22,108817,"Communication, AWS, Machine Learning, Tableau, Node.js, Python",51,33,18,43
c150d119-e734-4727-9d38-d2c1e486ba9d,DevOps Engineer,Northeast,Healthcare,2023-10-30,117006,"Kubernetes, SQL, Excel, Deep Learning, Spark, Tableau",99,62,37,8
8ab56cc4-5056-4c3f-a720-ead7530e4a75,Machine Learning Engineer,Northeast,Healthcare,2020-05-18,178467,"AWS, Python, Azure, Kubernetes",91,83,8,35
5a578e59-dd10-454f-81bd-228a1a4aa8bb,Machine Learning Engineer,Midwest,Finance,2020-04-17,158254,"React, Machine Learning, Leadership, Excel, SQL, Tableau",100,48,52,28
f7330afa-c5a9-4625-b05f-71ceee0bc444,HR Manager,Midwest,Finance,2025-03-14,70281,"Machine Learning, Python, React, AWS",92,94,-2,41
111aed3e-f5e8-4b87-aeb0-aefa68b2ef92,HR Manager,West,Tech,2024-09-01,129658,"Leadership, Deep Learning, Azure, Tableau, Kubernetes, Node.js",47,37,10,30
5212ac4a-1436-47de-b13d-e3cf2a886310,Data Analyst,South,Retail,2023-11-30,85555,"Machine Learning, Azure, AWS, Communication, GCP, Tableau",43,95,-52,13
39da25e3-214c-448e-8d49-b79b81388a4f,HR Manager,West,Tech,2020-09-18,113584,"Spark, Tableau, GCP, Excel, Python",90,84,6,6
bf980019-9e5a-4a26-9e41-242f9d7f11b5,Data Scientist,Midwest,Tech,2022-11-21,145414,"Node.js, Azure, Leadership, GCP",96,50,46,45
d68fa2f3-3a1f-463e-a1ba-8b39c55ece2d,Data Scientist,Midwest,Manufacturing,2025-02-16,110272,"GCP, Tableau, Python",49,86,-37,42
202de2ed-58a8-4d78-887b-34d138e677fd,DevOps Engineer,Midwest,Finance,2022-06-04,106866,"Leadership, Deep Learning, Python, Docker",64,69,-5,13
968cac07-d3a3-49f0-ada4-dafa97abdac4,HR Manager,Midwest,Healthcare,2022-01-21,70114,"Leadership, Node.js, Deep Learning, SQL, React, AWS",88,70,18,42
f278e0d3-c078-42d1-bc44-f541825928dd,Software Engineer,West,Finance,2022-06-15,167156,"React, Node.js, GCP",64,76,-12,11
a702e0ad-98e8-4ab7-88f1-286deacbcf10,Business Analyst,Midwest,Finance,2020-11-23,89410,"Excel, Node.js, Docker, Azure",57,39,18,32
331e1a21-9a02-493f-99f8-5dc5d3ce9c61,Software Engineer,Northeast,Retail,2022-11-12,130388,"AWS, Leadership, SQL, Tableau, Excel",60,42,18,43
04e31ecb-ba06-4036-adf1-bd3c790baa03,Business Analyst,Midwest,Healthcare,2023-01-05,65353,"Leadership, Machine Learning, Kubernetes, Docker, Node.js, Python",86,52,34,39
e38491fb-af3f-4c0b-9e7b-0b30575742ed,DevOps Engineer,South,Healthcare,2021-01-22,116053,"Excel, Machine Learning, Spark, Tableau",49,55,-6,49
c18ffeb5-7ed5-4c43-ba2e-7cfe91f688a5,Machine Learning Engineer,Northeast,Finance,2020-04-16,182334,"React, Python, Azure, GCP, SQL, Node.js",94,32,62,47
fb9defdd-da63-4dc0-b145-b8e62864e8b1,Cloud Architect,Midwest,Finance,2023-07-12,130416,"SQL, Excel, Deep Learning, Leadership, AWS, Spark",80,74,6,22
b01b5d22-2e9c-4d2b-9341-305de7fc89b9,Data Engineer,Northeast,Healthcare,2024-04-13,139924,"Azure, Spark, Leadership, Excel",82,47,35,19
bf40359e-9b4d-4ef0-bb4e-0846876ff588,Software Engineer,Midwest,Manufacturing,2021-05-22,96538,"Docker, Spark, Leadership",83,63,20,13
dd8dbb94-0b52-4678-90b2-35deaccd03d8,Data Engineer,Northeast,Finance,2022-10-21,160459,"AWS, Communication, Azure, SQL, Spark",96,90,6,50
ffc99c77-58b2-427e-accc-2baa3a6f0970,HR Manager,Midwest,Manufacturing,2022-07-09,90781,"Azure, Kubernetes, Docker, Machine Learning, Tableau",79,63,16,38
78629dd5-f4cd-405e-9d9c-b23767b58381,DevOps Engineer,West,Manufacturing,2025-04-09,122745,"Node.js, React, Azure, SQL",69,66,3,5
40375cfe-e35f-4403-bbfa-f27856f4b497,Data Analyst,South,Tech,2020-09-20,79133,"SQL, Machine Learning, Python, Azure, Spark",60,72,-12,32
557fe1a6-9713-4056-9bfc-c606dc9cf4a3,Software Engineer,South,Tech,2023-04-16,134967,"SQL, Excel, Leadership, Azure",98,59,39,29
3e8d01e1-39c9-408e-85f7-b62a4303fa33,Data Engineer,South,Finance,2024-08-12,119824,"Communication, Spark, AWS, GCP, Leadership",61,70,-9,26
7b1085c8-14ca-4778-b5f4-9ffb79eb53b1,Data Scientist,West,Manufacturing,2020-04-12,193020,"Communication, Python, Machine Learning",97,59,38,15
73cdbc19-7408-4fc8-9cdb-ff2f3906d505,Data Scientist,West,Finance,2020-09-25,141233,"Spark, Azure, AWS",69,60,9,9
2ded9c94-e8ab-4a91-a487-acc6733ff8c3,Machine Learning Engineer,Northeast,Retail,2024-07-30,153616,"Node.js, Excel, React, AWS, Leadership",75,78,-3,50
0956aea0-f749-4bf3-9846-e36a317d4f0e,Cloud Architect,Midwest,Tech,2021-05-07,121358,"Node.js, Azure, AWS",52,31,21,50
0638b24b-edd2-4022-a607-57b1762ab9be,Data Engineer,West,Tech,2023-10-12,170610,"Node.js, GCP, Azure, Deep Learning, Python",76,62,14,36
ef9018e9-94e8-4635-9d56-866f00b9f50b,HR Manager,West,Healthcare,2023-08-28,112467,"Spark, Docker, Excel, GCP, SQL",60,89,-29,34
848992a0-3f2a-491a-bf8f-12adc99516c3,Data Analyst,Northeast,Healthcare,2020-03-28,88382,"SQL, Deep Learning, Excel, Kubernetes",99,84,15,12
7de9b1ae-3f99-488f-bcc9-090a2ed62991,HR Manager,West,Healthcare,2023-03-05,105497,"Machine Learning, Leadership, GCP, Python",61,61,0,6
9a67ddcb-dbe4-4bed-ae2b-b1feef90ed8a,Software Engineer,South,Retail,2024-06-16,106492,"SQL, Leadership, Node.js",88,92,-4,14
6189c3ca-aeaf-45b3-abcc-69ac60a99198,Business Analyst,Northeast,Retail,2021-10-07,83752,"Docker, Tableau, Leadership",61,60,1,25
0fc37a6d-973b-427a-bded-34369ec8e9e1,Business Analyst,Midwest,Healthcare,2024-12-13,77960,"Tableau, Node.js, Docker, Spark, Machine Learning",76,38,38,34
85cdfdae-92be-493d-8bfb-084d906181f0,Machine Learning Engineer,Midwest,Healthcare,2025-08-28,120542,"AWS, GCP, Kubernetes, Python",94,61,33,42
96dcf8a4-7513-435d-be1e-624addafce88,Cloud Architect,Northeast,Retail,2020-03-29,161787,"Excel, SQL, Python, Deep Learning",51,54,-3,44
cc053c79-055b-478f-9eaa-df46ddde0666,DevOps Engineer,South,Finance,2022-09-19,129418,"Deep Learning, Spark, Kubernetes, React",70,32,38,32
104a9cf1-0bd2-40e8-ae71-31195b8360e9,Business Analyst,Midwest,Tech,2022-12-30,67753,"Excel, Azure, GCP, Kubernetes",48,50,-2,35
9211fc78-f157-493c-b82d-cf535cc0802c,Machine Learning Engineer,Midwest,Manufacturing,2020-08-31,146823,"Docker, React, GCP",52,62,-10,31
80c66819-255c-419b-95ba-4951d59416fc,Product Manager,Midwest,Manufacturing,2025-08-11,132832,"Communication, Node.js, Machine Learning, SQL, Spark, Deep Learning",93,84,9,40
a9bc8f9f-6eea-439f-a504-1e7dae036087,Machine Learning Engineer,South,Retail,2020-05-06,151508,"Azure, Node.js, Leadership, Spark, Deep Learning",71,45,26,20
26749caa-795f-425a-afb5-83bca9505d12,Data Scientist,West,Retail,2023-01-02,151019,"Spark, Node.js, Leadership",78,62,16,20
cbdcc686-b358-4b67-a824-24c54526d75f,Machine Learning Engineer,South,Finance,2024-11-12,123584,"React, Excel, Node.js, SQL",41,56,-15,43
7c94987b-0c33-445b-9381-47bfd945439e,Data Analyst,Northeast,Retail,2022-08-11,79258,"GCP, React, Excel, Azure",60,42,18,31
f6678106-d7c7-4a6a-84c5-08eea7394718,Machine Learning Engineer,South,Manufacturing,2025-09-02,131046,"AWS, Node.js, React",72,92,-20,24
2a9741d5-29e0-4231-a87c-c086ca4060d1,DevOps Engineer,Northeast,Retail,2025-01-19,122640,"React, Deep Learning, SQL, GCP, Spark, Excel",72,58,14,22
1c7bb743-f5ff-4337-9a18-0f29b24e0d36,HR Manager,West,Finance,2023-04-06,106912,"Tableau, Spark, Leadership",84,72,12,10
4b0437ef-b573-4e36-8ef7-c7724d3fece3,Product Manager,South,Finance,2020-01-19,122456,"GCP, Kubernetes, Leadership",100,59,41,46
f502e71f-c964-4a3f-b729-67a40f70ea00,Cloud Architect,South,Tech,2025-01-01,149779,"Deep Learning, Tableau, React, GCP",80,43,37,33
470ebaf0-fd2e-405a-ab3b-9a4034345baf,HR Manager,South,Finance,2020-07-22,77776,"Docker, Deep Learning, Node.js",83,31,52,41
84835e8e-4b5d-4aea-ba06-ab6d60d3484d,HR Manager,South,Finance,2021-10-10,88565,"Excel, Kubernetes, Node.js, GCP, React",70,60,10,8
bb2af040-a76b-4481-b929-75eeb49abef7,Business Analyst,Northeast,Manufacturing,2022-05-11,78821,"GCP, Python, Docker",45,85,-40,30
6491c372-a630-4907-b2fc-8544a89fc29e,Machine Learning Engineer,Northeast,Manufacturing,2025-02-08,164648,"Tableau, Node.js, Docker, Communication",78,42,36,45
1fe4a89e-1f86-4662-bde0-12036449ede8,Machine Learning Engineer,Northeast,Retail,2025-05-21,138934,"Kubernetes, SQL, React",72,95,-23,46
e65aec1e-7aa7-4c3e-a66d-a58eac9553ba,DevOps Engineer,Northeast,Healthcare,2023-11-30,152658,"Kubernetes, GCP, Excel",95,95,0,50
5ed66b8e-f9df-4970-a2ae-f89c9ba99f93,Software Engineer,Midwest,Manufacturing,2021-12-02,95313,"AWS, Azure, Machine Learning, Excel, GCP",93,88,5,7
8f63e46c-67bd-4aa4-8c79-466fd8635837,Product Manager,South,Tech,2023-11-10,149861,"AWS, Spark, Azure",87,76,11,43
0eda50bb-1fb4-4b6f-a04f-b6fef7781760,Machine Learning Engineer,South,Finance,2020-04-06,132336,"Docker, Python, Communication, React, Leadership, Node.js",86,87,-1,24
6dd62102-7644-41fd-bf25-d270e559ef93,Data Analyst,Midwest,Manufacturing,2025-10-06,73384,"Node.js, Machine Learning, Communication, Kubernetes",50,86,-36,21
f1464cc2-fca4-4d88-bc1c-9a5f71961d46,HR Manager,South,Healthcare,2024-05-08,89876,"Node.js, Deep Learning, AWS, GCP",100,69,31,38
917445f3-a9c3-42cc-b350-5eef14285cfd,Cloud Architect,Northeast,Finance,2024-09-20,145095,"Communication, GCP, Excel, AWS, Leadership, Spark",94,40,54,44
ba115c2a-ff58-432f-ab02-b444c70e0b6f,Software Engineer,West,Manufacturing,2024-12-16,142344,"Node.js, Communication, Docker",86,43,43,35
ad5cdbb4-8625-416e-ba7a-f21f7776a5e8,Product Manager,Northeast,Finance,2024-08-23,132142,"Python, AWS, Node.js",91,89,2,38
ffd70c20-8181-4532-b3b1-51016147fe5d,Data Engineer,Northeast,Retail,2020-11-25,132939,"Kubernetes, Leadership, AWS",47,73,-26,7
7e30679f-e622-4fee-b3a7-9d296fbe4cfe,Machine Learning Engineer,West,Retail,2024-12-18,201856,"Excel, Node.js, Deep Learning, AWS, Docker, Communication",40,58,-18,12
2b7e7535-9e16-4042-9417-6fffb7bf7bef,Software Engineer,South,Manufacturing,2022-09-04,130922,"Docker, Kubernetes, Machine Learning",46,60,-14,49
6695fa30-8a0f-4bde-9bcb-f922479f2f33,Cloud Architect,Midwest,Manufacturing,2021-01-23,126487,"Azure, SQL, Node.js, Tableau, Leadership",97,58,39,50
c7d6841b-f24d-4d07-aa48-434f871fc8db,Software Engineer,Northeast,Retail,2025-08-01,133155,"Excel, React, Spark",100,61,39,41
d8b48c1d-fe70-4e9d-8513-107f42b4fd39,HR Manager,Northeast,Tech,2022-05-04,105517,"AWS, Node.js, Communication",59,54,5,34
0181263f-06c0-4eeb-9830-99abe1190316,Data Analyst,Northeast,Healthcare,2021-03-11,80713,"Python, Spark, Docker",57,87,-30,35
2dfec770-55c6-48cc-a13b-6f2704c732b1,HR Manager,West,Healthcare,2025-07-12,104288,"Kubernetes, React, Deep Learning, Excel",81,79,2,46
8b93688f-11e4-4633-9edb-999c66c9816c,Data Engineer,West,Manufacturing,2024-06-23,168385,"AWS, Tableau, Azure, Machine Learning",77,94,-17,5
5c06cb35-150a-4e9e-a6bf-1b91794400a8,Data Analyst,West,Manufacturing,2021-03-28,99277,"Communication, GCP, Excel, AWS, Node.js",86,51,35,18
44dc3380-b7ba-4406-b997-2bc0cad6ede9,Software Engineer,Midwest,Finance,2021-07-05,106342,"GCP, SQL, Python, Communication, Docker, Node.js",87,32,55,23
ab7ce683-8095-4180-a19e-d175fb3a3b95,HR Manager,South,Manufacturing,2025-02-05,92986,"Deep Learning, GCP, Azure",85,38,47,37
945f689c-5e98-496e-84e8-944141fbd837,Product Manager,South,Tech,2023-12-01,111878,"Spark, SQL, Docker, Kubernetes, Machine Learning, Azure",43,71,-28,7
c9de9627-c0df-4313-8fea-d5d7e27ceadb,Cloud Architect,Midwest,Finance,2023-07-08,123797,"SQL, AWS, Communication",48,78,-30,45
dd192e2b-5e44-4bc0-8abb-15b45b90022f,HR Manager,Midwest,Healthcare,2021-03-14,88921,"Docker, SQL, React",92,93,-1,22
a08cdc5f-54ab-4e87-8f56-bd0df5475050,Cloud Architect,Northeast,Healthcare,2025-06-06,189224,"Leadership, Python, React, Kubernetes, Excel",81,69,12,10
0c4149a1-6cea-4b6a-8dbd-3653f6abcc5c,HR Manager,West,Retail,2025-07-13,100121,"AWS, Excel, Spark, Communication, Azure, Tableau",100,31,69,27
0434f5a5-e91b-44fe-bc4a-fb55c73bc8c8,Data Engineer,Midwest,Tech,2022-07-10,123734,"Excel, Deep Learning, React, Machine Learning, Communication, Python",76,74,2,18
0c6dec77-d846-4b15-99fc-ef410745e469,Data Analyst,South,Retail,2023-01-02,78879,"Communication, Kubernetes, SQL, Deep Learning, Tableau, Node.js",67,68,-1,44
8c18159b-26b2-47ef-a376-e1049ffb1dc3,Cloud Architect,Midwest,Retail,2024-05-21,120058,"Kubernetes, AWS, Communication, Machine Learning",64,72,-8,46
a0ea8e56-633f-4442-af5c-d41985890ff3,Machine Learning Engineer,Northeast,Retail,2022-08-02,165035,"Azure, AWS, Spark, Kubernetes",75,55,20,47
8581f45e-c17f-415a-8b1a-8ec2134b4965,Business Analyst,Northeast,Tech,2021-12-30,86992,"Docker, Spark, Python, Azure",89,91,-2,49
8b976e09-74af-4a4d-81d6-31aa6038e86c,Software Engineer,Midwest,Finance,2024-02-12,133533,"Tableau, Excel, Machine Learning, Python, Kubernetes, React",74,75,-1,11
fe11ee2c-2ca4-4083-94ae-22434f83e3c5,Data Scientist,Northeast,Retail,2023-12-30,134255,"Docker, GCP, Kubernetes, Machine Learning, SQL, Deep Learning",56,40,16,13
96891a35-c533-4aba-b11b-3c88813e0236,Machine Learning Engineer,South,Tech,2023-02-26,129341,"Deep Learning, Communication, Excel, Azure, Spark",87,73,14,35
4869ab20-a5f7-418c-9fd8-b84f2a8f3b42,Machine Learning Engineer,Midwest,Retail,2021-07-09,138133,"Python, AWS, Kubernetes, GCP, Deep Learning, Spark",41,73,-32,22
2a0c3403-6f3f-4d39-8955-e3b251746c18,DevOps Engineer,South,Retail,2023-05-05,134935,"Azure, Kubernetes, GCP, Python, AWS",49,52,-3,41
e8133ba4-c877-4403-9d74-bae79b6e9d3a,Cloud Architect,Midwest,Healthcare,2024-06-12,147118,"Azure, Kubernetes, Excel, Deep Learning",97,65,32,22
2b614343-7e63-48f5-84ec-cbffaf44d9a5,Business Analyst,Northeast,Finance,2022-10-26,84844,"Leadership, Excel, Machine Learning, Node.js, React, GCP",81,42,39,23
172f28f9-adeb-4564-ac93-13f33b70f0aa,Business Analyst,South,Healthcare,2024-03-29,86118,"Node.js, AWS, Azure, Leadership, Excel, React",56,30,26,29
8aa99f24-1c1f-49aa-ae81-11df028d9ecc,Software Engineer,West,Tech,2022-03-10,142122,"Deep Learning, Tableau, AWS, Azure, GCP, Node.js",50,40,10,22
bba9bc67-8cca-406f-b432-182742581858,DevOps Engineer,Midwest,Finance,2024-12-16,97076,"Communication, Excel, Spark, Node.js",61,76,-15,7
51d12f87-04a7-4343-b903-d651d989f95e,Product Manager,West,Finance,2023-05-15,171480,"SQL, Communication, Python",99,68,31,6
b3432628-d4bc-4cee-8a19-43ea4f592add,Data Analyst,South,Finance,2025-05-01,72920,"React, Leadership, GCP",44,91,-47,29
9c8242f6-f9bb-43c1-9a18-441ca6224463,Data Scientist,Northeast,Manufacturing,2023-11-30,137162,"Azure, Excel, Deep Learning",91,69,22,13
b4988a22-8b75-4eb5-9da7-6489b4585eff,Cloud Architect,Northeast,Tech,2023-04-08,140447,"GCP, Kubernetes, Spark, Azure",58,53,5,26
08712e26-6aff-44d9-adcd-a689b7f79032,Cloud Architect,Northeast,Healthcare,2023-08-26,177863,"Tableau, Machine Learning, Spark",79,80,-1,13
694e4843-7cfb-408c-bc5b-7fd85d88fba3,Data Scientist,West,Healthcare,2022-07-29,173541,"GCP, Kubernetes, SQL, AWS, Spark",98,41,57,28
c24eefd6-f915-4001-8358-9caa936b22da,Data Scientist,Northeast,Manufacturing,2024-06-04,139905,"React, Azure, SQL",94,49,45,14
2d523329-23c9-4d54-9f18-dd132ade8529,Business Analyst,Northeast,Healthcare,2021-12-17,95065,"Node.js, Spark, AWS",73,74,-1,13
f51c31ff-8cb1-4831-b5c5-216b7b83c57b,Business Analyst,Midwest,Tech,2023-08-15,75082,"Machine Learning, Excel, Leadership",45,36,9,49
b12a8b33-b43d-441f-881c-b0ce6e86f3d4,Product Manager,Northeast,Manufacturing,2021-02-07,158226,"Leadership, SQL, Docker, Spark, Node.js, React",49,35,14,35
6c85640e-d3b7-4f6c-ab45-e9403114e24c,HR Manager,Midwest,Healthcare,2024-01-16,87683,"AWS, Azure, Leadership, SQL",82,38,44,47
cd724f6c-85d7-4d43-9b17-633476865222,Data Analyst,Midwest,Retail,2024-05-29,77369,"Azure, AWS, Leadership",59,47,12,45
b7fc119b-d556-43c6-b1eb-49a2bfa3c232,Data Analyst,South,Manufacturing,2023-06-18,76239,"Docker, Python, Kubernetes, Node.js, Tableau",90,49,41,35
715c7ba0-a82d-4ee1-b06b-0509aaa34a12,Data Engineer,West,Manufacturing,2024-04-01,172865,"GCP, Leadership, Machine Learning, React",46,68,-22,43
864495de-b9d4-4801-8840-807be24b7285,Data Engineer,West,Retail,2022-11-21,148993,"Leadership, Kubernetes, Tableau, Machine Learning, AWS",97,39,58,41
1406f854-5038-42c0-a13f-e2e7726f2a3c,Product Manager,Midwest,Healthcare,2024-07-09,122627,"Machine Learning, Excel, Python, Docker",90,31,59,42
5f62db56-f0d9-4f45-a77d-f4c2f7ba8e42,Product Manager,Northeast,Tech,2024-09-15,163198,"Kubernetes, Machine Learning, Deep Learning, Azure, React, Leadership",78,36,42,47
cecde997-67eb-4791-948b-6e73a38c5643,DevOps Engineer,South,Finance,2025-10-10,108517,"AWS, Docker, Leadership, SQL",53,56,-3,14
57f25f40-d95e-4d63-b8d1-6f33687f0931,Software Engineer,West,Tech,2021-07-04,154608,"Leadership, Node.js, Python, Docker",96,42,54,30
c9ab95c8-4b9b-4a9d-972a-ffe36e15ad58,Cloud Architect,Midwest,Manufacturing,2021-07-24,153238,"Spark, Azure, Tableau, Deep Learning, Excel",94,74,20,27
5d413adf-4284-4c00-bc63-f05fd4470725,Product Manager,West,Tech,2022-06-28,145327,"Excel, Spark, GCP",42,34,8,34
d53355a0-1339-46a3-9b12-97896b8e4cbf,Data Scientist,Northeast,Manufacturing,2024-06-24,139902,"Leadership, Deep Learning, Azure, Communication, Node.js, Tableau",67,94,-27,10
87730a16-968f-41f8-a20a-bcded6dccef8,DevOps Engineer,South,Healthcare,2023-07-03,106601,"GCP, Kubernetes, Docker, Deep Learning",100,64,36,23
5e6cd050-02cf-49a5-8b9b-b74b061624a8,Data Analyst,South,Healthcare,2021-07-30,73115,"React, SQL, Excel, Docker, Node.js",74,64,10,13
a01f572d-f9b7-4605-ac3c-53f68ed7e40c,Software Engineer,Northeast,Retail,2023-09-16,140392,"React, Communication, Deep Learning, Python",93,53,40,12
6ac19b6e-2037-4a3c-bebc-d766b9f120a3,Cloud Architect,South,Tech,2020-02-21,172415,"React, Leadership, Communication",93,42,51,14
8e4f55fe-018d-431e-af06-08e0b091f6f0,DevOps Engineer,West,Healthcare,2021-12-21,162635,"Docker, Machine Learning, Tableau, Spark",58,92,-34,42
d1e1e195-4c34-4c49-9418-1db701944292,Machine Learning Engineer,West,Healthcare,2020-10-02,175359,"Excel, AWS, Communication, Leadership, SQL",92,78,14,26
e2d65b65-3913-43c7-831b-444d858b2772,DevOps Engineer,Northeast,Finance,2025-08-31,121470,"SQL, AWS, Communication, Docker",50,80,-30,48
61953246-3315-4ac1-b971-92675563dc1a,Business Analyst,West,Healthcare,2025-12-31,111967,"Docker, Node.js, Deep Learning, AWS",87,75,12,17
d94007b1-1e49-4b48-a3dd-f57ab4172789,Data Scientist,West,Finance,2022-06-03,192300,"Communication, Machine Learning, React, GCP, Leadership, SQL",96,94,2,36
2c7782b1-7137-4728-8478-5d47db66deec,DevOps Engineer,Midwest,Finance,2021-08-13,95684,"Excel, AWS, Python, Node.js, Leadership",44,83,-39,49
ce4168b0-43c6-4bff-b649-af76a5cea537,Data Scientist,South,Retail,2023-06-25,157200,"Leadership, SQL, Spark",91,55,36,31
88e432f5-0ece-41a8-bf43-873de8de67f2,Data Analyst,Northeast,Tech,2025-03-09,76932,"Python, Kubernetes, Docker, Node.js",83,60,23,41
afa5f3d7-2445-46f0-82e5-2e5a9093ed99,Product Manager,Midwest,Finance,2021-12-08,122705,"GCP, React, AWS, Excel, Kubernetes",47,54,-7,34
2f118904-4ede-4bf4-8167-dec660f72f06,Data Analyst,Midwest,Manufacturing,2021-07-02,66965,"AWS, Spark, Python, Docker",55,86,-31,35
23bc6b23-2e85-4e40-bf6b-a14c36d63502,Data Scientist,Midwest,Healthcare,2020-05-23,120734,"Node.js, Tableau, Communication, Spark, Machine Learning",49,93,-44,8
cf27f88d-7698-4256-9ca9-9b388aa608bf,Cloud Architect,Northeast,Finance,2025-02-04,150992,"React, Machine Learning, Excel, Leadership",74,69,5,16
6c45d8d4-64c8-4817-b2e2-0254c21de35a,HR Manager,Northeast,Retail,2023-08-19,90032,"Kubernetes, Azure, Spark, SQL, Docker, Leadership",92,53,39,38
62d81b25-a684-466b-ac3a-1904113c9f9c,Product Manager,West,Finance,2020-11-13,139110,"Spark, Machine Learning, Azure",76,80,-4,8
21a18f30-1d13-4f52-bf6c-b05b19d2e2fb,Data Analyst,Northeast,Healthcare,2020-04-07,83137,"Python, AWS, Deep Learning",88,91,-3,19
610a7398-9144-4760-8a9f-6163fdbfc2f2,Product Manager,Midwest,Finance,2022-03-13,121305,"Kubernetes, GCP, Communication, Spark, Docker",97,52,45,25
41af9163-411d-4e63-bea3-b2faefe648f4,Data Scientist,Midwest,Tech,2024-07-10,126960,"Excel, Communication, Spark",41,55,-14,8
66d0f185-f3ea-4e91-b346-72cf2b928645,Machine Learning Engineer,Northeast,Tech,2024-05-02,165538,"Machine Learning, Azure, Python, SQL, Kubernetes, AWS",81,44,37,36
445e1e54-8c4a-4c46-b13c-8aa52b90798b,Cloud Architect,West,Tech,2024-06-10,182987,"AWS, Excel, Machine Learning, Tableau",40,69,-29,44
bc435cd0-776f-40ae-ae78-08b6d6468d39,Product Manager,West,Manufacturing,2025-05-31,132158,"Communication, Machine Learning, Node.js, Deep Learning",87,87,0,26
e2993566-d5f4-42eb-97bf-cdfae3857d5b,DevOps Engineer,South,Retail,2023-12-15,122115,"GCP, Tableau, SQL, React, Docker, Communication",46,30,16,31
fdb6ae1d-35bd-4256-8959-9d0a5d61a2ca,Data Analyst,West,Manufacturing,2020-07-30,101760,"Kubernetes, Node.js, AWS, Docker, GCP, Communication",48,76,-28,14
4dc86ae5-745e-47e1-9268-16fe40017b34,Product Manager,Northeast,Healthcare,2025-11-25,163910,"Python, Leadership, AWS, Spark",96,91,5,17
f5eec371-3baa-43e8-8b95-42355852fcaf,Software Engineer,Midwest,Manufacturing,2024-01-20,116149,"Kubernetes, Azure, Node.js, AWS",93,54,39,31
4dc833c9-fbc6-4236-9ca9-715c6f788cb9,DevOps Engineer,South,Tech,2020-01-12,103099,"Docker, Tableau, Kubernetes, Python",78,51,27,13
95217d3a-18ad-42bf-a117-3f10618553d3,Software Engineer,South,Manufacturing,2023-06-11,103711,"Machine Learning, Kubernetes, Excel",82,47,35,50
4915e984-2090-4a58-ac9a-f422a9e4c3b5,Cloud Architect,Midwest,Retail,2024-10-11,153898,"Tableau, Spark, GCP, Azure",88,47,41,17
4b47ff81-fd09-4675-8f27-dd37e80e8841,HR Manager,Midwest,Finance,2022-12-30,71709,"AWS, SQL, Docker, Kubernetes, Machine Learning",66,40,26,10
84d75e19-34eb-488d-9622-cf517ceff6a0,Data Engineer,Midwest,Finance,2021-05-31,109608,"SQL, Communication, Azure",61,49,12,6
2dbec22a-421a-4221-83f3-750c1a4e666d,Machine Learning Engineer,South,Finance,2020-04-15,135880,"Kubernetes, Deep Learning, SQL, Machine Learning, GCP, Leadership",46,42,4,8
7cd2c9b7-76d6-4b94-965f-ec6051cfc018,Cloud Architect,South,Tech,2021-01-06,133313,"Deep Learning, Azure, Docker, Tableau",85,31,54,32
2b299460-8d40-40c6-b2c6-0104973a626d,Machine Learning Engineer,Northeast,Healthcare,2020-02-11,171945,"Communication, AWS, Kubernetes, GCP, Docker",40,82,-42,18
75fb4540-4134-42ff-bdfc-3a094648176f,Data Engineer,Northeast,Retail,2020-07-11,133978,"Communication, AWS, Machine Learning",43,31,12,50
69075ee2-110d-4fca-9a61-a73a1607b4f3,Product Manager,South,Healthcare,2025-06-13,120693,"SQL, Docker, Node.js",66,88,-22,14
ed20b1e7-014f-468b-b240-d78a0c4eb441,DevOps Engineer,West,Finance,2021-02-11,123460,"Communication, Node.js, AWS, Leadership, Tableau, Python",70,39,31,19
15506716-5dd6-433b-b4b7-d30c85369a59,Cloud Architect,Midwest,Manufacturing,2024-05-21,123329,"Excel, GCP, Kubernetes, Python, Deep Learning, Azure",81,37,44,22
03f4be4b-a829-4909-b564-331f5ab58fa3,Software Engineer,West,Healthcare,2022-12-17,145356,"Spark, Python, GCP",94,81,13,17
80748cc8-8c03-4bab-bb05-fd9885b972de,Product Manager,Midwest,Retail,2020-10-12,103492,"AWS, Docker, Leadership, Deep Learning",75,62,13,22
90173d3c-2a32-4dec-89f6-6fdf7e349088,Data Engineer,West,Finance,2022-11-17,133458,"AWS, Excel, Python, Machine Learning",57,74,-17,39
35ba8577-d792-4e6e-a5c1-e98b06159128,Product Manager,West,Manufacturing,2024-12-08,130287,"Spark, Node.js, Azure, GCP, Machine Learning, Docker",87,87,0,38
249a8c63-9e7d-4966-839d-dfb37a0c593b,DevOps Engineer,South,Tech,2025-08-27,136994,"Tableau, Excel, Communication, Machine Learning, Node.js",86,66,20,38
cdf4b4c0-9ca2-4f77-84b9-cb7be5c9c00e,Machine Learning Engineer,Midwest,Retail,2020-05-27,140321,"Python, Kubernetes, Azure, Communication, Spark, Leadership",41,51,-10,32
046932cd-e6b0-43cd-898d-1c02ec421986,Machine Learning Engineer,Northeast,Manufacturing,2023-08-11,148621,"SQL, Spark, Tableau",70,52,18,46
e3319980-1848-428d-8bdc-35c14e020875,Product Manager,South,Tech,2025-11-02,144618,"Kubernetes, Node.js, Machine Learning",56,48,8,50
d1bbb979-2b63-4653-aa0e-af7cf001e4a5,Machine Learning Engineer,West,Retail,2025-04-20,163700,"SQL, Spark, Tableau, React, Communication",69,85,-16,14
07ba970a-99fa-49c3-8462-270590cbb38a,Cloud Architect,West,Healthcare,2021-08-09,196450,"Communication, Excel, Docker, SQL, Node.js, Kubernetes",68,95,-27,6
b46b1d70-9333-419a-a218-6cc56d24b6ea,Cloud Architect,Northeast,Retail,2021-10-06,142280,"SQL, Python, Excel, Communication",74,67,7,40
7672e9a3-7d00-460c-bd64-3184a132ea5a,Business Analyst,Northeast,Manufacturing,2021-11-09,84365,"Spark, SQL, Excel, Python, Deep Learning, GCP",70,56,14,14
a4ca44e4-933d-4857-a539-26f88ee14698,Software Engineer,Northeast,Finance,2020-08-03,141049,"Leadership, Node.js, Deep Learning",72,35,37,49
d5af1a5d-426f-40f1-b27b-09a8e3b81a44,HR Manager,South,Retail,2021-08-02,75895,"Spark, Leadership, Azure, AWS, SQL, Docker",73,82,-9,21
8d6a2818-941a-4b63-a99e-787be0f417db,Data Engineer,West,Tech,2022-03-25,155659,"Communication, AWS, Excel, Azure, Python",59,69,-10,34
18d11917-2a88-4b38-8933-14216a59e666,DevOps Engineer,South,Retail,2021-07-05,138757,"Kubernetes, Deep Learning, Communication, Node.js, Python, AWS",47,79,-32,48
5c04ee1b-f8c5-411c-a1fc-3c4e7879d290,Business Analyst,West,Retail,2023-06-16,102467,"GCP, Deep Learning, Communication, Tableau, Spark",91,49,42,27
2aaa48a4-7ed2-4541-a082-56b296ee367d,Software Engineer,South,Manufacturing,2025-12-11,137574,"Docker, Spark, Node.js, AWS, Communication",41,64,-23,48
9cf10cd8-ac73-4f20-91b5-4e8df38ac66a,Cloud Architect,West,Retail,2022-11-26,209269,"Excel, Machine Learning, Python, Deep Learning",80,85,-5,39
580994e1-90df-49b3-801d-ae0cc60f362f,Business Analyst,Midwest,Finance,2024-04-20,75527,"GCP, Node.js, Docker",65,92,-27,46
511b78ec-7f60-4386-9de7-49fcc47eaa62,Cloud Architect,South,Retail,2023-11-23,151671,"AWS, Kubernetes, Excel",94,84,10,16
765e3f46-6517-4192-bf97-efbdaa93f03d,Business Analyst,South,Tech,2023-12-18,86451,"AWS, Machine Learning, Docker, Communication",91,37,54,50
a09663b0-01f5-4afa-9059-36a73dbc4ac4,HR Manager,Midwest,Healthcare,2020-04-03,70041,"Tableau, GCP, Machine Learning, Excel",78,56,22,30
272e9030-0d7c-47cf-ac1f-2111f6fa77de,Product Manager,West,Manufacturing,2021-10-25,186581,"Deep Learning, Docker, GCP, Leadership, Communication, AWS",61,61,0,5
d6e6e08a-84be-4b7d-878a-743190fa34a1,Business Analyst,West,Retail,2021-04-29,104042,"Spark, Kubernetes, Leadership, Azure, Node.js",69,32,37,43
e5d03816-f1b7-4c02-aa03-55f15e4c482c,DevOps Engineer,West,Finance,2024-01-15,166991,"Deep Learning, SQL, AWS, Docker, Azure, Leadership",96,65,31,9
ce7994ff-79c1-4a6d-8b5f-199864cdd7ee,Cloud Architect,Northeast,Tech,2024-07-13,165010,"Kubernetes, Leadership, SQL, Communication, Deep Learning, Tableau",100,57,43,41
72e2af18-86b3-4de7-926e-c99d302d2705,Data Engineer,South,Finance,2022-02-23,108197,"Deep Learning, React, SQL, Excel",58,84,-26,14
64d64423-f670-4432-b52e-f862c7ce4afb,Product Manager,Northeast,Healthcare,2020-05-16,163084,"Spark, Docker, Machine Learning, Excel",92,36,56,35
e7df7f7e-82eb-4917-84b4-890e6f14aca3,Machine Learning Engineer,West,Retail,2025-06-30,147415,"SQL, Tableau, Kubernetes, Leadership, Machine Learning",49,67,-18,9
89382321-f625-4ec3-9ec7-bebf9ec675e3,Data Scientist,Northeast,Tech,2025-01-05,160641,"Python, Communication, Kubernetes, AWS, Excel",99,39,60,49
7d9b9dc6-6017-4d24-a22b-06aa8d5d2685,DevOps Engineer,Northeast,Healthcare,2022-03-10,126596,"Node.js, Kubernetes, Docker, Excel",77,80,-3,7
c7484be4-cfbe-4517-a163-46f0696a8cc9,Business Analyst,Midwest,Manufacturing,2025-02-25,88776,"AWS, Leadership, Excel, Python",88,67,21,31
49079ed1-6af8-4309-aef3-82b260127ae2,Cloud Architect,Midwest,Tech,2022-11-15,160831,"Tableau, Python, Excel, Node.js, Deep Learning, Communication",69,66,3,28
d5cb6f23-7ed9-401c-b54e-964d52b630c0,Product Manager,South,Finance,2020-10-21,108649,"Docker, SQL, Communication, AWS",82,95,-13,38
25f1801d-966c-47c7-976e-830afa384242,Data Engineer,West,Retail,2023-05-01,180064,"AWS, Tableau, Excel, Azure, SQL",87,34,53,5
ac1ba4dd-8513-4660-bb13-7c666a9a3ae0,Machine Learning Engineer,South,Healthcare,2021-02-23,159042,"Tableau, Node.js, Kubernetes, Docker",63,61,2,37
92279ba7-4014-4ae3-ac2a-6d7fe4143333,Data Engineer,Northeast,Retail,2025-03-09,122509,"Python, AWS, Spark",52,35,17,11
9fee0d68-4ce1-4149-ad20-2372edbb4a98,Product Manager,Northeast,Tech,2020-02-15,167087,"Excel, SQL, Node.js",42,32,10,34
39cb6ab5-8fa4-4fc3-b9dd-f827171a8433,DevOps Engineer,Midwest,Healthcare,2021-12-29,111017,"GCP, Tableau, Machine Learning, Communication, React",83,83,0,23
028839ce-bcec-47a6-95d7-09901eef23b0,Machine Learning Engineer,Midwest,Finance,2022-04-27,147724,"GCP, React, Spark, Azure",88,63,25,35
76baf2b4-9902-4b8e-89a6-bd25ca0ae5b9,Machine Learning Engineer,West,Finance,2022-07-18,164869,"GCP, Tableau, Deep Learning, Communication, Node.js",57,71,-14,44
d3a54617-1171-41e6-837c-056f15653a6b,Data Analyst,West,Manufacturing,2025-07-03,97901,"Leadership, Kubernetes, Tableau, SQL, Docker",98,32,66,44
23b57aad-445d-4f3e-946e-268210af70ed,Product Manager,South,Tech,2021-07-23,123637,"Kubernetes, Machine Learning, Python, Tableau",88,93,-5,46
372e4208-75e4-486f-99a6-89d4f765e744,Product Manager,Midwest,Healthcare,2023-07-26,109311,"Node.js, Excel, Leadership, Machine Learning",53,31,22,15
76f6a35c-8c44-48ab-ad28-ed66074cae34,Data Analyst,Northeast,Tech,2021-07-24,93796,"Azure, Kubernetes, Deep Learning",41,81,-40,18
8abe0db2-a05e-4a06-ab87-4147349d9b36,Product Manager,Midwest,Healthcare,2022-10-15,116900,"Spark, Excel, Kubernetes, Communication",97,81,16,28
7e1a9238-6b50-4b22-a25b-3ce87ee02a1f,Software Engineer,South,Healthcare,2024-08-17,139114,"Communication, Kubernetes, SQL, Python, AWS",60,75,-15,24
ccdf829e-3577-4070-9de8-161dcad428c3,Data Scientist,Midwest,Tech,2025-06-27,144338,"Tableau, Spark, SQL, AWS",95,76,19,19
23ea690b-1dff-459e-a97f-8babe4883048,DevOps Engineer,South,Retail,2020-08-01,138351,"GCP, SQL, Leadership, Node.js, Tableau, Kubernetes",61,55,6,34
3b1f5a21-21b0-47d5-9aa2-47152e719684,Data Analyst,West,Healthcare,2023-04-07,92677,"Tableau, SQL, Excel, Docker, Node.js",50,37,13,8
5195294d-39d8-4d65-abeb-4fbecf7d2801,Software Engineer,Midwest,Manufacturing,2022-03-13,99756,"Machine Learning, SQL, React, Docker",99,95,4,42
e39bf1bc-cc47-44cf-be8f-6eb728351928,Software Engineer,Midwest,Manufacturing,2020-05-23,132772,"Leadership, Excel, React, Python, AWS",81,71,10,10
c5778f2a-c687-41bf-b112-6c340d359d91,Cloud Architect,Northeast,Tech,2024-11-13,142550,"Kubernetes, Spark, AWS, Leadership",41,78,-37,14
3f63d8ee-1c34-43e4-8e3c-be10b70aaf4b,Data Analyst,Midwest,Manufacturing,2023-11-13,66807,"Communication, Leadership, Excel, GCP, Docker",46,50,-4,26
7cc78332-27c3-4c01-898a-9fe71e583a6b,Business Analyst,Midwest,Tech,2022-08-17,69704,"Kubernetes, GCP, Machine Learning, AWS, Deep Learning, Node.js",59,85,-26,11
7eaad19b-ca10-469d-8aec-e85ecc23661a,Data Analyst,Midwest,Finance,2025-03-26,61189,"AWS, Kubernetes, Spark",82,64,18,17
451e4948-42a6-4705-b6f7-166bf2342719,HR Manager,South,Finance,2023-10-12,89160,"SQL, GCP, Tableau, Leadership",70,58,12,37
ab65b333-b436-44f8-aded-242545ebf926,Machine Learning Engineer,Northeast,Finance,2023-07-31,137173,"AWS, React, Deep Learning, Leadership",52,45,7,37
ac05f8c7-05aa-4132-8157-7b03d1cc1146,Machine Learning Engineer,West,Tech,2024-05-03,156518,"AWS, Azure, Tableau, Python, SQL",53,54,-1,47
c8975769-fc01-40b5-a439-ccafd2171aef,HR Manager,West,Manufacturing,2021-04-08,95444,"GCP, Communication, Tableau, Excel, Leadership, Machine Learning",50,43,7,25
a8ef1326-b901-4a4d-bf0e-48e4ada9a0ab,Data Analyst,Northeast,Finance,2023-02-27,84792,"Machine Learning, SQL, Docker, Python, Leadership",51,59,-8,36
ca166bd3-db54-453f-b28f-293a7bf2629c,Business Analyst,Midwest,Healthcare,2025-06-14,83558,"Machine Learning, Node.js, Communication, AWS, Spark, Azure",74,64,10,8
47e415df-4ccf-4d8f-8736-689d377fdbc8,Data Analyst,Midwest,Finance,2024-04-03,71761,"Leadership, Spark, GCP, Deep Learning, Kubernetes",97,41,56,38
c280851e-7d09-4227-9399-0d62a5d52165,Product Manager,Northeast,Retail,2021-03-30,142724,"React, Python, Spark, SQL, GCP",93,57,36,14
e519a6a4-b830-465e-afcf-50d138f5a806,Data Analyst,West,Tech,2020-04-15,108612,"Deep Learning, Leadership, AWS, Excel",77,41,36,10
6b54efe3-2f78-40d5-bc71-d4f84f73ed9e,Machine Learning Engineer,Northeast,Healthcare,2023-10-07,152950,"Docker, Python, Communication, Deep Learning",63,45,18,27
60192929-68e8-455d-97ce-fd974fe94953,Software Engineer,Northeast,Healthcare,2024-11-21,110905,"AWS, Azure, Communication, Deep Learning",96,90,6,35
7086b2ec-98e8-47b8-8423-2e92e508fa5b,Software Engineer,Northeast,Tech,2023-03-03,144124,"Tableau, AWS, Node.js",62,73,-11,23
931d4660-651e-4b0c-a48a-1937de34fec9,Data Analyst,West,Tech,2020-11-18,81136,"Python, Kubernetes, AWS",86,93,-7,37
d12e846c-2f14-432e-9efd-a20e1b85b560,HR Manager,West,Retail,2025-01-15,126562,"Tableau, AWS, Docker",91,36,55,5
ee361cad-f164-4152-97c0-6c4389309567,Product Manager,West,Finance,2023-04-04,167207,"Excel, Deep Learning, Spark, Azure, Tableau, SQL",48,48,0,7
c6ae58cb-0965-4ec6-92cb-141c2ed449e8,Cloud Architect,West,Healthcare,2025-07-14,189936,"Excel, Python, Azure",40,63,-23,41
df32ef21-adef-4dbd-a4af-a19244a2ae47,HR Manager,South,Finance,2022-11-09,89996,"Leadership, Node.js, Excel",97,72,25,14
0fab2f74-d8b5-4168-88fa-d19c07008759,Product Manager,Northeast,Finance,2024-01-10,168061,"Python, Deep Learning, Communication, GCP, Machine Learning",77,94,-17,36
1c152b15-fd44-44f9-8bfa-43ed82df1db9,HR Manager,South,Retail,2020-07-13,100095,"Leadership, Spark, Node.js, Tableau",45,63,-18,35
cc9cf92a-2b63-4ac8-8492-7e982a6ffcce,HR Manager,Northeast,Retail,2025-03-02,103510,"AWS, Deep Learning, Node.js, SQL",68,49,19,18
19f96abb-ed84-4815-b916-fed16fde8d88,Data Engineer,Northeast,Tech,2023-04-20,140287,"Communication, Docker, SQL, Leadership, React, Excel",51,91,-40,38
dd48e57d-0c6e-4ca6-bf97-66ce4ed6d5d3,DevOps Engineer,Northeast,Finance,2024-05-01,139772,"Node.js, Docker, Azure, Excel, Spark",78,90,-12,6
8a34e618-8e95-49ad-9c27-83a6854e16f1,Data Engineer,West,Finance,2023-02-16,137876,"React, Kubernetes, Tableau, Machine Learning, Deep Learning",42,79,-37,28
ff584d14-527e-44a1-ab61-a26aa455815b,Machine Learning Engineer,South,Healthcare,2021-12-02,151992,"GCP, Machine Learning, Kubernetes, SQL, Spark, Node.js",80,47,33,36
a24ee70a-b1c8-4688-b2bb-8ba53d93c9a5,Software Engineer,Midwest,Manufacturing,2020-11-13,133461,"React, Spark, Communication",64,31,33,47
a53a228b-1b3b-4586-ad1a-fe0e4139e244,Data Scientist,Midwest,Finance,2022-05-15,118932,"Kubernetes, Leadership, GCP, React, Deep Learning",94,72,22,26
c4f51193-e535-4ec6-b523-4bbb328b031d,HR Manager,Midwest,Finance,2021-08-19,71145,"Machine Learning, Python, Spark, React, Docker, Tableau",76,68,8,42
cc38f897-4b50-4a44-aa1d-dbe9a2cc156f,HR Manager,Northeast,Retail,2021-08-18,113052,"Azure, Excel, Deep Learning, React, SQL, Node.js",55,88,-33,30
c42c02f5-239a-4158-bb5d-deee04a5dbfe,Data Engineer,Northeast,Manufacturing,2024-03-29,166568,"GCP, SQL, Azure",72,76,-4,49
2ccd0d0d-8581-46e1-8d34-c9b1ef0ba9fe,Data Scientist,Northeast,Retail,2021-09-20,162010,"Deep Learning, Python, AWS, SQL",54,66,-12,41
13857a23-8bb1-4e02-ac47-104dc9790c4c,Data Scientist,South,Finance,2020-01-26,123593,"Leadership, Azure, Node.js, Deep Learning, Python, Tableau",49,89,-40,13
18ea9faa-a1d6-4622-8dcd-290214777a10,DevOps Engineer,South,Healthcare,2025-10-27,115984,"Machine Learning, Azure, Tableau, Docker, SQL",47,84,-37,12
1b22fd60-c479-49e8-a41d-279d48703e2d,Software Engineer,West,Tech,2020-02-11,161080,"AWS, Azure, SQL, Communication, Tableau, Docker",71,93,-22,28
623e3195-6d52-4f1c-875f-bad1dc568d3c,DevOps Engineer,Midwest,Healthcare,2022-09-03,103486,"GCP, Python, Leadership, Kubernetes",92,88,4,24
b5d8573f-9307-449c-8aca-a2d6b4047390,Software Engineer,West,Tech,2025-01-06,178193,"Spark, Azure, Python, Leadership, Deep Learning, Tableau",96,82,14,22
d434a079-d02b-4865-b070-a8e9027344d0,Cloud Architect,South,Finance,2024-04-11,160169,"React, Communication, Machine Learning, Azure, Tableau",78,34,44,47
6eeb7794-348b-48de-a310-db4f9a614344,Software Engineer,West,Tech,2021-12-17,163370,"Communication, Leadership, Node.js, Docker, React, GCP",62,32,30,32
5e3a709c-83e0-4f05-9a8a-c6b2b915ed89,DevOps Engineer,Northeast,Healthcare,2024-09-02,148446,"React, Docker, Azure",63,31,32,18
3d10a0bb-314a-434c-b02b-9f383bd91ca5,Data Engineer,Northeast,Tech,2021-02-19,159567,"Deep Learning, Tableau, Machine Learning, Excel, Kubernetes",73,68,5,7
5c7b25b7-08de-4a5a-89ea-e03227d58a45,Data Engineer,West,Manufacturing,2021-05-09,176534,"React, AWS, Excel",68,49,19,24
c98de35b-6ad5-4d1b-8246-9f690b11a5e8,Data Engineer,West,Manufacturing,2022-01-02,163423,"Docker, Machine Learning, Tableau, Leadership, Communication",72,43,29,46
fb97a7bd-991b-45c2-b39e-24f632a6a0cc,HR Manager,Midwest,Finance,2020-02-25,80494,"React, Machine Learning, SQL",98,54,44,26
d343165c-ad4d-41f5-bb4f-ecd2581e6f83,Cloud Architect,Midwest,Manufacturing,2022-05-17,143385,"Deep Learning, Spark, Azure",66,89,-23,15
0e4e5fcd-eb0f-411b-aab7-aae7c31a5788,Data Analyst,Midwest,Finance,2024-07-10,73802,"SQL, GCP, Azure, Kubernetes, Deep Learning, Spark",42,75,-33,11
b6bd3ab5-3cb4-42d1-ac27-dcf7ff5633f0,Product Manager,West,Healthcare,2022-06-01,144278,"Leadership, Machine Learning, Kubernetes, React, SQL",99,40,59,35
934b5249-e6f4-445d-a781-85259c555604,Cloud Architect,Midwest,Finance,2025-10-03,134752,"Spark, Docker, Kubernetes, Communication",46,94,-48,22
f5f14b07-d756-4af0-aa85-318e07e97f6a,DevOps Engineer,Midwest,Finance,2023-12-05,122680,"Excel, AWS, Communication, Spark, Leadership, Python",56,52,4,30
d459c244-bdb7-4ac2-92d5-6a2ef3fc5c9b,Data Scientist,West,Finance,2021-07-26,181560,"Kubernetes, Tableau, Spark, Deep Learning, SQL, Node.js",89,74,15,15
61d34724-ae9d-4236-ab46-276be2fdcd60,HR Manager,West,Finance,2022-07-18,99577,"React, Node.js, Spark, Machine Learning, Python",83,62,21,10
05762c5b-a588-44d3-8630-34d1f260409b,Data Engineer,Northeast,Manufacturing,2022-06-13,124480,"Node.js, Deep Learning, SQL, Kubernetes, Python, Azure",68,88,-20,9
c55e7467-9c9a-4f07-99ce-d1edf84042a9,Data Analyst,Northeast,Retail,2022-04-26,92835,"Communication, Tableau, Kubernetes, React",46,50,-4,30
94c0afe9-8e1b-44e5-86a6-8aecc9506a9a,Data Analyst,South,Retail,2020-01-29,81031,"Excel, Deep Learning, AWS, Machine Learning, Communication",92,71,21,33
00fb104e-86c1-4bac-a15c-dab438cd47f1,Cloud Architect,Midwest,Manufacturing,2020-02-03,132969,"React, Kubernetes, Leadership, Spark",50,43,7,37
71684c0f-d200-4e00-a890-c764e324a1ea,Software Engineer,Midwest,Retail,2021-12-31,110503,"React, GCP, Azure, Excel, Deep Learning, Docker",96,65,31,41
5cde31de-03c3-4f48-a134-75b52d86cc9b,Machine Learning Engineer,West,Manufacturing,2022-09-22,181981,"Azure, React, AWS, Spark",94,57,37,19
a0a511b9-de39-4fa8-b0fa-3de5fc2911d4,Machine Learning Engineer,Northeast,Retail,2021-07-25,161742,"React, Excel, GCP",51,79,-28,8
fcf8cd23-4c36-4dc2-849e-7037e6211540,HR Manager,Midwest,Tech,2024-07-10,70115,"Azure, Node.js, Tableau, Machine Learning, GCP",61,95,-34,46
468b3086-ee2e-4ec4-a609-3fda50f49316,Data Analyst,Midwest,Tech,2025-11-03,63680,"Node.js, Python, GCP, Communication",64,78,-14,46
e778c7f8-a23f-42a5-b220-dc714121287e,Product Manager,Midwest,Manufacturing,2022-05-02,139580,"Azure, Node.js, Deep Learning, Leadership, Machine Learning",92,90,2,49
4feb1aaa-e5ca-40d9-8c51-b797d97106d6,Product Manager,West,Retail,2024-04-25,143618,"React, Leadership, Spark, Node.js, GCP",57,57,0,28
5afbe041-acb5-4168-8c45-dcc79764c80e,Data Engineer,West,Healthcare,2021-04-28,184554,"Spark, Node.js, Python, Communication, Machine Learning, Leadership",100,95,5,32
3c25b932-5dbf-4af6-9e86-cd6943e5bbc9,Data Scientist,Midwest,Tech,2024-06-17,141222,"Excel, Node.js, SQL, Communication",46,63,-17,26
7966d1bf-71bc-4d9c-bdc5-baf78c178e56,Software Engineer,Northeast,Tech,2022-01-25,147774,"Spark, Kubernetes, Tableau, SQL, Communication, Python",59,30,29,24
0c9b5173-143e-40b3-b295-ac852ce484ff,Cloud Architect,Midwest,Manufacturing,2020-12-04,162081,"Deep Learning, Machine Learning, Communication, AWS, Tableau, Kubernetes",91,79,12,22
1e9fe053-8521-44dc-80e6-cbf6b77113ed,Machine Learning Engineer,West,Finance,2021-11-09,159937,"Python, GCP, AWS",51,75,-24,12
cf274135-4c3e-43a9-8546-08c14b412000,Data Analyst,Northeast,Tech,2022-02-16,99261,"Python, Docker, Machine Learning",88,50,38,39
15e31d6f-ced4-4567-93d8-0349c3e9436a,Product Manager,West,Retail,2020-03-05,154387,"GCP, Communication, Azure, Machine Learning",59,72,-13,9
46ac707d-6b9c-49ca-ad05-727e5dba1981,Data Scientist,Midwest,Manufacturing,2021-07-31,128111,"Node.js, Tableau, Communication, Machine Learning, Docker",67,49,18,47
d7f2f5ec-b389-44f9-abe3-d2496823536a,Machine Learning Engineer,South,Retail,2024-02-10,145875,"SQL, Python, Excel, GCP, Azure, Node.js",78,53,25,33
618c2143-c987-409b-8009-b835590b7f98,Data Engineer,West,Healthcare,2021-10-27,130517,"Tableau, Node.js, Kubernetes, Deep Learning, SQL, Python",95,50,45,47
96f86f7a-16d7-4961-a397-a1d43a85ab4b,DevOps Engineer,Northeast,Retail,2023-04-07,146600,"Docker, SQL, Machine Learning, Tableau, React, AWS",58,68,-10,37
79aea226-70cd-41d2-91b2-d243f3d09376,Data Scientist,Midwest,Finance,2022-10-30,131523,"AWS, React, Excel, Docker",75,70,5,13
6e5d2bca-aed5-4db5-8cf2-0b4bb78a4aae,Machine Learning Engineer,Northeast,Tech,2020-11-19,163864,"Kubernetes, Deep Learning, Leadership",93,31,62,39
3874c478-326a-40a1-b3ec-a49286fa5771,HR Manager,Northeast,Manufacturing,2025-11-25,117204,"GCP, Node.js, Kubernetes",50,89,-39,6
a47725d0-b7d8-4a37-af59-2f9a483b4d16,DevOps Engineer,Northeast,Retail,2022-09-12,141560,"Spark, AWS, Excel, Leadership",55,85,-30,30
5113b41d-d214-4859-a499-673d8906ce09,Cloud Architect,Midwest,Retail,2021-10-28,137947,"Node.js, Spark, Deep Learning, Excel, Machine Learning",63,82,-19,13
30cb1311-b6b9-416a-99a3-9e255305e16a,Software Engineer,Northeast,Healthcare,2025-02-26,152832,"SQL, Leadership, React, GCP, Spark",74,62,12,43
eab542ed-8f14-4a90-9009-7376d78e402a,HR Manager,Midwest,Finance,2020-11-05,81350,"React, Node.js, Tableau, Excel, Python",49,72,-23,20
7f2449a7-27f2-486a-993a-280d91d4c27f,Cloud Architect,Midwest,Finance,2021-01-11,163164,"GCP, Python, Node.js, Leadership, Tableau, React",86,51,35,7
d1fd9ba5-4fc8-4f50-a512-0168c8c73d70,Machine Learning Engineer,Midwest,Tech,2020-05-11,156444,"Kubernetes, Excel, AWS, Machine Learning, Node.js, Python",71,79,-8,11
d6b06ea1-f8d5-4c9c-ad5b-2090dc509518,Data Analyst,Northeast,Finance,2020-12-26,80539,"Kubernetes, Docker, Machine Learning, Communication",56,82,-26,8
fd33c1c6-4343-497c-9ec8-3ef88ef96adc,DevOps Engineer,Midwest,Healthcare,2023-04-21,101392,"Node.js, Leadership, GCP, Python, Communication",65,55,10,16
816ee788-71ad-4e4c-ab95-ad6ee3cbd042,Data Scientist,Midwest,Retail,2020-09-17,127441,"GCP, React, Excel, Communication",45,95,-50,34
58ec5ec9-be2b-4db9-873c-dfd16f07103a,DevOps Engineer,Midwest,Manufacturing,2022-03-03,125213,"Machine Learning, GCP, React, Deep Learning, Python, Node.js",86,39,47,32
0a715c5a-021e-4eef-ab12-4f28e082f83a,Data Scientist,West,Healthcare,2023-06-18,160941,"Tableau, Excel, React",87,40,47,49
3a35964b-bca8-416b-b189-34f4e4628807,Cloud Architect,South,Finance,2022-07-13,131686,"Machine Learning, Deep Learning, GCP, SQL",83,94,-11,36
e163b685-edc7-4af9-a88e-ecc08ec2b682,Cloud Architect,South,Manufacturing,2024-01-26,126344,"Leadership, Deep Learning, Docker, Spark",90,30,60,7
1e0a1429-6925-4014-9505-2192667c54d8,Business Analyst,Northeast,Tech,2022-12-15,86639,"Leadership, Docker, Kubernetes, GCP",45,93,-48,44
320bba60-bd93-49c6-ac12-95d13ede13eb,Data Scientist,South,Manufacturing,2024-03-18,148767,"Docker, Spark, Excel, Python",95,73,22,22
88b00278-7ffe-4954-aebd-ab3786cf078f,HR Manager,West,Finance,2022-01-18,126973,"Python, GCP, Azure",64,78,-14,21
5fc7b468-3ce9-4e66-a050-f06da60237c8,Data Analyst,Midwest,Tech,2021-01-18,76770,"Node.js, Communication, Tableau, React, Azure",50,89,-39,31
d2339ea4-598c-42b0-a9cc-c78450b0c093,Data Scientist,Northeast,Retail,2021-07-19,130422,"Python, Tableau, Leadership, SQL, GCP, Node.js",90,78,12,22
7e4c1743-22f7-42dc-ae87-77aa7fd1172c,Machine Learning Engineer,Midwest,Tech,2023-10-18,116809,"AWS, Communication, Azure, Deep Learning",81,72,9,49
cccde8dc-881c-44a7-bc45-0f50c6aa3131,Product Manager,West,Finance,2025-04-01,148024,"Docker, Python, Leadership, Azure",49,60,-11,34
1588f231-78b5-43d2-ad62-46570784c708,Machine Learning Engineer,West,Healthcare,2024-11-08,197359,"AWS, Node.js, Tableau, React, Leadership",67,51,16,33
143e326a-f697-4e24-9824-8dcb75caa9ff,Data Scientist,Midwest,Tech,2024-07-09,140523,"SQL, Tableau, Excel, GCP, AWS",41,83,-42,8
47726a35-c478-4a62-978f-cfb00781d06d,Cloud Architect,Northeast,Finance,2025-04-13,184540,"AWS, SQL, Docker",58,38,20,19
85498779-dadc-4182-88d5-8cafd4100af3,Business Analyst,South,Retail,2020-04-23,83550,"Leadership, Tableau, SQL, Docker, AWS, Node.js",79,53,26,14
9c4af0db-41a4-4706-ab5f-4ea76cef4b4c,HR Manager,West,Manufacturing,2024-10-11,104076,"AWS, Spark, Docker, Machine Learning, GCP",50,77,-27,40
f967b183-6b0f-45bf-a0f9-f6b7e993ba53,Data Analyst,Midwest,Healthcare,2022-08-24,63899,"AWS, Deep Learning, GCP, Machine Learning",92,85,7,21
9bb6f4c7-52bc-4d26-b53a-5a0d78e529e8,Machine Learning Engineer,Midwest,Manufacturing,2022-09-06,153703,"Leadership, Spark, Communication",71,82,-11,17
b5662399-f2d8-4c6b-bcde-9c7f606c6715,Business Analyst,West,Manufacturing,2023-07-27,108578,"Docker, Kubernetes, React, Azure, Machine Learning",100,88,12,18
09379eb2-d2ce-4a46-b98d-249ed9eee06f,Product Manager,Midwest,Retail,2020-03-10,120832,"GCP, Kubernetes, Deep Learning",57,45,12,49
c53fb44b-1d8a-4738-aef7-1af4f027d3ad,Product Manager,South,Retail,2024-03-21,108649,"GCP, Deep Learning, AWS, Communication, Tableau, Azure",69,53,16,50
f2073098-c7f3-474d-89c1-e462d03e15bd,Product Manager,Midwest,Tech,2023-06-01,100298,"Kubernetes, Python, AWS, GCP, Leadership",76,43,33,12
b1c1eec8-0e0c-49fd-8818-76824d1c6c05,Data Engineer,West,Tech,2024-08-26,146161,"Node.js, Python, Azure, Communication, Spark, GCP",44,74,-30,32
a23166f9-c242-44e3-aad2-4afd68e73c3e,Machine Learning Engineer,West,Finance,2025-03-04,166051,"Machine Learning, Docker, Deep Learning, AWS, GCP",51,95,-44,26
99806be0-5a72-4a70-93d3-3e79854c496b,Data Analyst,West,Manufacturing,2022-09-11,97960,"GCP, Tableau, Spark",68,63,5,16
f0cdf97e-81c3-42bb-86f3-a2009c1d95b5,Product Manager,West,Tech,2025-07-07,171015,"AWS, Spark, Docker",76,39,37,39
3350bb4d-929a-44f9-81ec-ec0331776a96,Data Engineer,South,Tech,2021-05-12,140522,"Docker, Spark, Leadership, Communication",60,84,-24,47
5cec32b4-f22a-4f44-bac4-ca5b5a4fa5e4,Product Manager,Midwest,Manufacturing,2025-05-11,131636,"Tableau, Spark, Kubernetes, Communication, Azure, GCP",86,47,39,34
45b423d5-0791-4229-9bae-7564dd1586bb,Data Engineer,South,Retail,2022-01-31,119355,"Leadership, SQL, Kubernetes, AWS",63,37,26,16
225b3504-ded0-4f20-97d4-64f9158d0f91,Cloud Architect,West,Tech,2020-11-01,176880,"Azure, Tableau, Python, Kubernetes, Leadership",56,43,13,49
61f688ca-e0c1-461e-a54f-ebac9a5f7334,Data Scientist,West,Healthcare,2025-12-08,171282,"Spark, Kubernetes, Leadership, Node.js, Excel",46,92,-46,26
83da0048-8d4d-4dbc-a089-2ba5174714ee,Business Analyst,West,Finance,2025-03-14,84819,"Excel, Kubernetes, Communication",65,33,32,38
2c16036c-055e-4e03-94d6-2cb31f1c1409,Data Scientist,Northeast,Finance,2021-04-05,163410,"Node.js, Machine Learning, Communication, SQL, Azure",85,83,2,41
54af5879-4dea-4420-ae10-11bba864652f,Data Scientist,Midwest,Finance,2020-10-26,110661,"SQL, Deep Learning, Docker, Excel",77,47,30,41
5c680ac2-dc7b-4e45-9e1c-4e9887931aa1,Business Analyst,West,Manufacturing,2023-08-14,102425,"Spark, Azure, Docker, Machine Learning, React",50,38,12,10
43c72438-7951-4e02-b9ae-cf6897016022,HR Manager,West,Manufacturing,2025-09-19,119438,"Tableau, Node.js, Docker, Kubernetes, SQL",48,46,2,8
8c18a123-0724-40eb-bef3-82af3a00f402,Software Engineer,Northeast,Manufacturing,2022-01-09,121412,"AWS, GCP, React, Leadership, Excel",80,55,25,42
45443337-8f14-4958-aa35-d0f3613928f9,Data Analyst,South,Healthcare,2021-02-07,83315,"Tableau, Leadership, Machine Learning",47,34,13,32
d1ff3c94-275b-42da-8a07-d15d89d902d0,Software Engineer,Midwest,Tech,2025-10-08,96332,"Azure, React, Spark",79,40,39,35
32338506-b770-449a-951e-d510505e89b3,HR Manager,West,Manufacturing,2022-09-04,119529,"Communication, Excel, GCP, Machine Learning, SQL, Node.js",69,35,34,7
4652599c-89d6-48c7-bf06-3898bea18b3b,DevOps Engineer,Midwest,Finance,2024-03-19,115276,"Communication, Machine Learning, Deep Learning, Node.js, Docker",86,86,0,46
c745ca73-bf87-43f8-8513-026ce7231d3a,DevOps Engineer,West,Retail,2021-01-25,123039,"Machine Learning, React, Tableau",59,94,-35,22
ae88da48-6f0b-4b75-83aa-96186d4b13d6,HR Manager,Midwest,Healthcare,2021-04-22,91227,"Node.js, Kubernetes, Excel, Python, Tableau",51,88,-37,48
d14db64c-4198-47ab-a1d6-910c066708c5,HR Manager,West,Tech,2020-03-29,126638,"Kubernetes, AWS, Machine Learning, Azure, Communication, Spark",60,79,-19,47
4e94da1e-8b84-4883-888e-54e0f6e98c57,Machine Learning Engineer,West,Tech,2022-07-11,157809,"Python, Azure, Node.js, Machine Learning, Excel",60,31,29,50
7b93c51c-82ed-4526-ba33-b90a99fd6192,DevOps Engineer,Northeast,Tech,2020-05-31,130994,"AWS, Node.js, GCP, Excel, Kubernetes",95,89,6,48
5de6c869-17ad-41b2-8789-1d431b27e5e6,Product Manager,Midwest,Finance,2022-07-29,116297,"Spark, Docker, Machine Learning, Leadership, Communication",90,52,38,40
c15ae256-5004-4edc-9d20-ccb6c0dd1cf4,DevOps Engineer,West,Finance,2022-03-07,130106,"Kubernetes, SQL, GCP, Machine Learning",55,51,4,28
ba633160-06aa-495f-9e07-a1b9e3bcbd47,HR Manager,West,Manufacturing,2023-10-30,96780,"Azure, Deep Learning, Machine Learning",63,38,25,26
bb1c1d1e-ce4a-4ff3-99fd-45b823db4e62,Business Analyst,West,Retail,2021-09-05,107301,"Azure, Communication, GCP",78,70,8,40
d3bdca43-1ef8-4189-985c-065157b91a03,DevOps Engineer,West,Healthcare,2020-08-03,123160,"SQL, Spark, Python",50,55,-5,22
1c029e23-2935-462e-aa68-10b8cc7e9b0d,Data Scientist,Midwest,Manufacturing,2023-07-27,115064,"Communication, Machine Learning, GCP, Deep Learning, Spark",40,72,-32,49
f830b8fb-b4af-4bc3-acad-b037b5b2c11b,Data Scientist,Midwest,Tech,2020-01-28,135883,"Deep Learning, React, Python",50,56,-6,30
5190efe1-2f5e-4582-addd-3947b5797bae,DevOps Engineer,Northeast,Retail,2023-05-25,144755,"Docker, Leadership, AWS, Azure",43,30,13,44
97a86b85-8774-42e9-94ba-c6f4df046555,Data Scientist,West,Healthcare,2020-09-04,192945,"Leadership, React, Python, Spark, GCP, Azure",79,76,3,23
5916dc53-a6de-429a-b532-511a6c9f986c,Data Scientist,South,Healthcare,2022-11-14,120257,"Excel, Spark, AWS, Tableau, Leadership",81,41,40,20
e53b9e33-d463-469e-88c7-3e65b597744f,Data Analyst,South,Healthcare,2023-01-22,85215,"Spark, Python, GCP, AWS, Docker",69,60,9,47
8b57265b-04bb-4f5f-a8f9-5a3de0e22472,Machine Learning Engineer,Midwest,Manufacturing,2023-02-18,145550,"GCP, Node.js, Machine Learning, AWS",86,83,3,44
affb217f-beb8-4e46-a890-3ea18268415b,DevOps Engineer,South,Finance,2025-05-22,105572,"AWS, Leadership, Communication",72,91,-19,37
27a936f1-368b-4b8e-bd2d-c011833d1315,Machine Learning Engineer,Northeast,Retail,2024-06-29,141134,"Communication, GCP, AWS, Excel",65,43,22,28
fb5ec846-684d-43ce-9d45-457255ac7a9d,Product Manager,South,Retail,2025-11-24,106805,"Spark, Kubernetes, Excel, Communication",62,35,27,37
82d99cc6-9ae6-4468-827d-ad0b710995da,Product Manager,Midwest,Tech,2025-01-07,126320,"Deep Learning, Kubernetes, Azure, React",68,46,22,9
505452a9-9e05-4adc-9005-8822db43a776,Data Scientist,South,Manufacturing,2022-07-27,149457,"Communication, Node.js, Python",72,47,25,41
ee957239-3874-4a66-aec6-04bf472dca11,Software Engineer,Midwest,Finance,2025-06-07,96337,"Kubernetes, SQL, Leadership, Deep Learning",60,43,17,15
61a64833-ea96-4811-a6b1-c2af17891515,Data Scientist,Northeast,Tech,2021-03-21,147586,"Communication, Spark, SQL, AWS, Deep Learning",63,65,-2,5
ed479dde-30e1-49a4-ae38-33043913168f,Data Engineer,West,Tech,2025-12-01,170122,"Spark, GCP, Deep Learning",93,62,31,28
2ef71afd-49ab-472f-819c-25b224096336,Business Analyst,Midwest,Tech,2021-03-29,83632,"Docker, Kubernetes, AWS",79,81,-2,24
84f5c55f-fc6a-40a6-aef1-6b679d541cc9,DevOps Engineer,Midwest,Healthcare,2021-06-28,112433,"Excel, SQL, Machine Learning, Azure",73,34,39,44
e2c3d757-fe28-4abf-bda6-b37a8332cdac,Data Engineer,West,Manufacturing,2023-02-05,148746,"Kubernetes, Node.js, Deep Learning, Leadership, Azure, React",99,36,63,50
0000d277-7a16-459d-9846-87fb179e071e,Software Engineer,Midwest,Healthcare,2023-06-01,103997,"SQL, Docker, Python, Spark, Kubernetes, GCP",40,88,-48,20
aa17878e-fad3-4230-a7d6-baeed75633f0,Product Manager,West,Tech,2020-04-28,177122,"React, Leadership, Docker, Excel, Tableau",56,38,18,45
b2d95e6b-f1ab-40a4-a756-fc5ebf25a269,Machine Learning Engineer,West,Tech,2023-08-31,150400,"Kubernetes, SQL, Docker, GCP, Spark, Communication",95,46,49,48
94aee7ad-a368-47c2-9837-4feb0160e18b,Data Analyst,Northeast,Tech,2025-11-14,82898,"Communication, AWS, GCP, Excel, Azure, Docker",65,47,18,30
0dfd9d0e-22cb-4367-8942-fb1ad3a59e51,Data Analyst,Northeast,Healthcare,2023-08-11,80900,"Excel, Leadership, Tableau, Python",75,47,28,5
7ba62384-7ffe-4b0d-b769-6803e0e68961,Machine Learning Engineer,South,Tech,2023-10-01,169444,"Deep Learning, Leadership, Node.js, AWS",41,75,-34,50
37e8c880-0a7c-4061-b40b-fbeb21a86207,Machine Learning Engineer,South,Finance,2025-11-28,155863,"Spark, Node.js, Azure, GCP",41,39,2,33
78420370-efcf-4aca-bb92-f006434b70f9,HR Manager,South,Healthcare,2022-05-15,100858,"Leadership, Tableau, Kubernetes, Python",62,55,7,25
907d8bf9-ffc7-4aa9-a989-031a7ba59158,Product Manager,Midwest,Tech,2022-01-16,132074,"AWS, Azure, Node.js, Deep Learning",58,62,-4,40
f6ae6f14-66b0-4305-9cad-7485a478c5e2,Business Analyst,South,Retail,2021-06-17,84023,"Communication, Excel, Spark, Python, Node.js",87,88,-1,30
ae12f7e9-2c66-41c4-a81a-3b7a553bf424,Cloud Architect,Northeast,Tech,2021-09-18,147506,"Python, SQL, Tableau, Kubernetes",88,86,2,9
4857495d-80b1-418a-b83c-dd67fd298231,Data Scientist,Midwest,Tech,2021-05-27,116123,"Leadership, GCP, Communication",75,37,38,17
674ddfce-2119-4fb3-a69e-ac28ee11eb2a,Business Analyst,West,Finance,2022-11-07,99503,"Excel, Python, Azure",85,45,40,9
382a6292-6ca2-43bd-af29-02bceae25eb2,Software Engineer,West,Finance,2022-05-26,142950,"Machine Learning, SQL, Python, Excel, Deep Learning",68,68,0,12
ccf436fb-26ff-45d5-bc98-6a712cd5f337,Machine Learning Engineer,West,Retail,2022-11-27,191026,"Communication, Docker, Leadership, Node.js, Excel, Machine Learning",80,83,-3,25
5784d42f-179f-463e-bfd2-e728c66b74f3,Machine Learning Engineer,Midwest,Finance,2020-08-09,124558,"Excel, AWS, Azure, Tableau, Spark",73,60,13,28
9a30f5de-3dff-4abc-9916-9bc7643e66f1,Data Engineer,South,Tech,2025-05-29,136141,"Kubernetes, Deep Learning, AWS, Docker, Spark",58,44,14,28
4f3c56c0-8aaf-443b-9c7a-bd2c85e3bc80,Product Manager,South,Retail,2024-02-15,133653,"Kubernetes, GCP, SQL, Node.js, Azure",64,71,-7,50
71075687-84e0-447b-b9e1-0f37eac663ec,Data Scientist,West,Tech,2025-04-21,186218,"Spark, Leadership, AWS, Communication",55,91,-36,42
990e4eb7-d95d-410a-a2eb-55e791c862e3,Data Scientist,South,Retail,2022-03-23,139068,"Leadership, Deep Learning, Communication",52,92,-40,50
9656fdfc-9b11-4977-a237-d3d1da94bc1b,Cloud Architect,South,Tech,2022-06-14,141299,"Deep Learning, Docker, Tableau, Machine Learning, Node.js, Azure",58,38,20,13
406d23f8-1218-449c-ad6b-b8687c7d68ab,Product Manager,Midwest,Tech,2022-02-01,101795,"Leadership, Tableau, Communication, Azure, AWS",68,67,1,18
19649a27-0497-4e8a-966c-7a979c239069,Data Engineer,Northeast,Manufacturing,2024-07-10,161397,"Leadership, Azure, Node.js, Excel",45,72,-27,22
9f4d8c86-d157-43bf-90be-04e0b2670212,HR Manager,West,Manufacturing,2021-03-16,106828,"SQL, Python, Leadership, Docker, Excel",89,79,10,10
8ecbccd1-f0af-464f-be60-a4c80cd8ed8b,Machine Learning Engineer,South,Manufacturing,2023-05-08,137979,"Machine Learning, GCP, Leadership, Communication",48,84,-36,31
e0f748f5-6b11-49a4-a950-1013a41de907,HR Manager,South,Manufacturing,2025-08-19,103450,"Python, Docker, React, GCP, Machine Learning",87,33,54,39
799437fd-cf90-452b-90c1-53a3e44e1f82,Machine Learning Engineer,South,Healthcare,2022-05-22,151015,"Docker, Python, Leadership, Deep Learning, Azure, Kubernetes",54,95,-41,6
41332a27-f30c-49d9-8024-92186d9f545e,Software Engineer,West,Manufacturing,2021-08-11,148813,"GCP, Excel, Python",94,83,11,16
939f8f37-4ec8-4086-a1b5-5c1324d1adc5,Data Engineer,West,Tech,2020-11-11,168838,"React, AWS, Node.js, Kubernetes",57,87,-30,21
d252ac00-672a-420c-adbe-ae1fedfb920d,Software Engineer,Midwest,Tech,2025-09-23,133238,"Machine Learning, React, Leadership",72,64,8,23
333b7546-6f64-4a90-b32e-e16ffde1a25d,Data Engineer,South,Finance,2023-10-26,120634,"React, Tableau, Excel",74,36,38,40
caa21c83-6c2a-41e1-948b-5b0969e11695,Product Manager,West,Tech,2024-12-28,187633,"Node.js, SQL, AWS, Python",94,86,8,32
c5599d09-3627-480e-9f32-4a953d8dac83,Software Engineer,Midwest,Retail,2020-04-23,104149,"Spark, React, Python, Machine Learning",91,41,50,31
a094b35f-2a35-4ffe-85f2-e1510f6c256b,Software Engineer,Midwest,Tech,2020-04-11,102074,"Python, React, Excel, Leadership, Kubernetes, GCP",92,61,31,31
4a268737-6759-4e16-a66f-2af77907ef63,Data Scientist,Midwest,Healthcare,2025-03-03,133863,"Kubernetes, Python, Machine Learning, AWS, React",65,44,21,30
bcfda849-d990-4c83-8a7c-e3f6d844a836,Data Analyst,West,Finance,2021-03-20,104412,"Spark, AWS, Python",46,41,5,19
72d156e9-3e7f-45c3-93fc-0c48af7a592b,Software Engineer,Northeast,Tech,2024-12-04,158635,"AWS, Communication, Azure, Python",90,74,16,37
6ad7f432-f342-4a57-9f5a-8abc419007f2,Machine Learning Engineer,South,Manufacturing,2023-02-17,148574,"AWS, Spark, Docker",96,55,41,47
f7b5747a-d0af-4b9e-bbd1-8f05c788b87b,Machine Learning Engineer,West,Manufacturing,2023-04-13,154952,"Communication, React, AWS, Tableau",57,48,9,35
2a1ef5f1-5a8d-426f-8df6-ec3249729ecb,Data Scientist,West,Healthcare,2020-01-06,187696,"Leadership, React, Python, Azure",76,75,1,31
b1152a79-bf06-40d2-a708-0a23f5a91c9f,Data Analyst,Midwest,Healthcare,2024-09-19,72484,"Tableau, Kubernetes, Deep Learning, Leadership",49,93,-44,31
6bdebf06-1aeb-4b93-ad7f-b566abbcee4a,Product Manager,South,Manufacturing,2022-05-20,140705,"Leadership, AWS, Deep Learning, Tableau, SQL, Spark",95,41,54,47
68e4730a-05e2-4580-bd9c-b40b8d327fd0,HR Manager,South,Manufacturing,2024-02-20,77517,"Deep Learning, SQL, Docker",91,70,21,7
55438f86-efe9-4b1d-9c7b-2f78e2e203bb,Business Analyst,South,Tech,2021-03-23,82919,"Leadership, SQL, Tableau",43,91,-48,8
53dc51ef-8c64-48c7-a978-03b072268e78,Data Analyst,South,Manufacturing,2024-09-02,81828,"Machine Learning, Spark, Python, Tableau, Leadership, Kubernetes",63,62,1,13
68172965-088a-4815-9672-6fbcb2c3d02a,DevOps Engineer,West,Finance,2022-09-23,141386,"Machine Learning, Excel, Azure, Kubernetes, AWS",48,67,-19,33
50f84be1-298d-42b4-81e3-8ffc727de091,Software Engineer,South,Healthcare,2021-04-26,140824,"Node.js, Communication, Machine Learning, Python",60,68,-8,49
b1077533-0b98-4e22-b93c-f9edaeff6c49,Business Analyst,Northeast,Manufacturing,2021-07-01,104638,"Leadership, Docker, Kubernetes, GCP, Tableau, Azure",72,67,5,13
60dcfd93-df28-4c97-9d2b-153714241d41,Machine Learning Engineer,Northeast,Tech,2025-01-01,159600,"Deep Learning, GCP, Machine Learning, Python, Tableau, Azure",92,95,-3,8
70655177-368c-45f3-a1e7-da2a4867f228,Business Analyst,Northeast,Finance,2023-09-28,83015,"React, Tableau, Excel, Machine Learning, AWS, SQL",43,81,-38,25
88cc4b9e-a3df-46c3-867f-28ca45de14d3,Cloud Architect,Midwest,Finance,2020-02-18,164476,"AWS, Machine Learning, Node.js, Python",40,41,-1,16
90f58e0d-b2c5-48b9-ad40-aa1c89b31e8e,Data Analyst,West,Manufacturing,2022-07-02,94716,"AWS, Azure, Deep Learning, Excel",55,95,-40,17
f30fa50d-927f-4416-b71c-ede28fcc8670,Data Scientist,South,Tech,2020-09-24,149628,"React, Tableau, Node.js, Deep Learning, Machine Learning, Leadership",52,80,-28,18
b5d00961-4811-4f4c-8f83-a6f7f807dfa8,Machine Learning Engineer,West,Healthcare,2024-05-10,161877,"Python, SQL, Leadership, Excel",87,67,20,38
ab5936fc-22a8-4766-bee6-007d0fb4c3f7,Data Engineer,South,Manufacturing,2023-10-24,131717,"Deep Learning, Kubernetes, Spark, AWS",98,92,6,6
610f819c-5acb-495c-97d7-f273b3468634,Data Analyst,Midwest,Manufacturing,2025-09-13,77377,"Docker, Python, Leadership, Azure, React, Communication",98,53,45,28
a811a3ad-3654-462e-9299-5a7826d6d126,Machine Learning Engineer,Midwest,Finance,2021-03-14,156494,"Azure, Kubernetes, Python",58,92,-34,50
1d298263-b6f8-40a4-adab-764f03791ee3,Product Manager,Northeast,Tech,2024-01-30,153386,"AWS, Python, Leadership, GCP",69,84,-15,15
91fc2143-c8b1-4389-8802-edde1bbb0b1a,DevOps Engineer,South,Retail,2020-04-18,124754,"Machine Learning, Docker, Deep Learning",57,53,4,14
561a0421-882d-4d17-adfe-69e022c6b8cb,Cloud Architect,South,Healthcare,2022-07-06,171461,"Spark, Docker, SQL, Machine Learning, Excel, AWS",90,47,43,48
e894c119-b83c-4115-910c-7fdb340640df,Data Analyst,Northeast,Finance,2023-09-30,84506,"AWS, SQL, Leadership, GCP",92,57,35,47
53b94e32-f125-47d2-bfe2-f5cc4d9af14a,Product Manager,Midwest,Tech,2021-10-09,111523,"Excel, Node.js, Tableau, Machine Learning, SQL",82,79,3,18
41cf48c0-a29d-4c11-9dfb-d02446203b05,Data Analyst,West,Finance,2025-04-07,78250,"SQL, React, Kubernetes, GCP, Azure, Leadership",41,30,11,9
3ba08991-be7f-4cbf-8074-1ea8fd1f37d2,Data Engineer,Northeast,Healthcare,2025-02-09,148484,"Machine Learning, Kubernetes, Excel",76,91,-15,42
175a8f56-2e9f-4086-88b0-e0f672ef146a,Product Manager,Midwest,Manufacturing,2021-05-15,114560,"Deep Learning, AWS, Machine Learning, SQL, GCP",92,60,32,17
ae72558e-27bb-478b-ab60-6a429e624cb2,Machine Learning Engineer,Midwest,Retail,2025-09-23,151775,"Python, Spark, Tableau, Docker, Machine Learning, Leadership",49,60,-11,43
2f1d0f12-58f4-4434-80c3-2f29fbb4f78c,DevOps Engineer,Midwest,Tech,2022-12-22,114013,"Leadership, Communication, Spark, Docker",56,57,-1,9
c61987d1-5038-4162-891b-43b0ae154285,HR Manager,Northeast,Retail,2021-01-31,94299,"Tableau, Deep Learning, React, Excel, Azure",64,44,20,35
604f46c3-a1e9-47b3-afb0-982c4f93c71a,Data Analyst,West,Manufacturing,2025-10-21,97088,"Azure, Communication, GCP",51,51,0,45
ee620d92-ef7c-47ac-926e-d7a92b4854a6,HR Manager,Northeast,Tech,2020-08-23,98182,"Docker, Azure, Python, Kubernetes, Excel",66,38,28,26
813daa5b-c2ab-4b03-b0cd-093ea87dd6f8,DevOps Engineer,South,Manufacturing,2021-02-18,118374,"Machine Learning, React, Kubernetes, Leadership, Python, AWS",79,33,46,39
7a9100ff-afce-42bf-a378-c250d4d2cb74,Product Manager,Northeast,Finance,2020-06-16,123116,"SQL, Tableau, Python, Communication, Excel, GCP",77,73,4,43
badd2dad-dfa7-45f2-8483-6310a3ef432b,Business Analyst,West,Finance,2023-03-28,89597,"Spark, Node.js, Machine Learning, Deep Learning",70,91,-21,48
b5fe3fb2-ccff-485a-b61c-ff33ab02089e,HR Manager,South,Healthcare,2022-01-19,90786,"AWS, Communication, Kubernetes, Spark",67,69,-2,50
e15573f5-9f9c-4cbc-8eaf-a491c71acec5,Software Engineer,West,Healthcare,2021-08-11,126105,"Tableau, Node.js, AWS, SQL, GCP",80,60,20,37
f20ae674-2297-4d11-a477-2035201738e4,Data Engineer,South,Tech,2021-10-25,144839,"GCP, Communication, Deep Learning",90,57,33,43
c57c28b2-b307-4b41-82a2-13f41a50876d,Cloud Architect,South,Healthcare,2022-02-01,153760,"Machine Learning, Kubernetes, AWS, Node.js, Communication",75,35,40,5
d492710e-9911-41c8-a22d-302393835d82,Software Engineer,Northeast,Healthcare,2022-11-11,124582,"Leadership, GCP, Spark, React, Kubernetes",42,47,-5,38
0f4dc9c4-fb9d-40f2-8bb8-981117fee3ee,Data Scientist,West,Healthcare,2020-09-21,165577,"Deep Learning, React, Leadership",61,56,5,18
af12f398-6455-46a5-b165-ca3579a03dc3,HR Manager,Midwest,Tech,2024-05-26,79423,"Machine Learning, Python, Tableau, React, SQL",93,54,39,47
0317f6b3-173d-4517-afa8-6d4e1c979cda,Cloud Architect,Northeast,Retail,2023-11-03,140186,"Node.js, Communication, Excel, Tableau",44,88,-44,43
87f2ff64-264f-4074-9ac1-fd852903266e,Product Manager,West,Tech,2023-11-19,172867,"Kubernetes, Python, GCP, Deep Learning",67,52,15,15
1841ef2a-32ab-4a0f-b77e-756ce28735e5,Machine Learning Engineer,Northeast,Healthcare,2020-03-12,166660,"Python, Spark, Azure",53,93,-40,12
063d1cf1-acad-4b59-9956-a1352fece91c,Software Engineer,West,Tech,2020-05-12,128179,"Node.js, Python, React",81,87,-6,48
9b3249d3-d0e5-46c7-b673-63b5a792d703,Product Manager,West,Tech,2020-07-29,143444,"React, Leadership, Tableau, SQL, GCP",98,88,10,30
2aa64aec-bd43-436d-bc77-4bb3850a5fb3,Cloud Architect,Midwest,Healthcare,2022-06-03,137179,"Tableau, Node.js, Azure, SQL, AWS, Machine Learning",47,44,3,47
567f80ca-684c-4f86-bfe2-318e34ad38fb,Cloud Architect,Northeast,Healthcare,2023-03-04,141012,"Docker, Communication, Node.js, AWS",85,88,-3,40
02213da3-cf7e-40ee-a37c-6ca352ff2d41,HR Manager,South,Finance,2025-04-11,87007,"Spark, Communication, Leadership, Deep Learning",56,41,15,41
27293f0b-026d-4a4f-8ba2-cadb1e56faea,Cloud Architect,Midwest,Finance,2024-09-17,133858,"Kubernetes, Node.js, React, Excel, GCP",77,62,15,23
c63e6681-b097-41bd-a55f-74d8c66b403a,Product Manager,Midwest,Finance,2025-07-30,112268,"React, Kubernetes, Azure",97,73,24,46
3cadee18-391c-4fbc-9f8a-ab16135af987,Business Analyst,Northeast,Manufacturing,2023-07-16,90196,"React, SQL, Kubernetes",62,32,30,13
f66d5079-0334-4f83-a692-c29a4175abc7,Data Analyst,Midwest,Tech,2025-01-08,65786,"React, Excel, Kubernetes, Leadership, Azure, Tableau",56,73,-17,47
4a6ab905-3c7b-4d36-b89b-91610a7fbe2f,DevOps Engineer,South,Tech,2021-03-02,118761,"Excel, Node.js, SQL",48,86,-38,17
2629bd0f-cb4a-49df-83e3-5cbca5151383,Cloud Architect,Midwest,Healthcare,2025-07-01,142336,"Tableau, Leadership, AWS, Node.js",75,43,32,15
16218182-ad57-4941-a400-2ebb2b164c5d,HR Manager,Midwest,Healthcare,2022-03-11,97840,"Spark, Tableau, AWS",56,80,-24,44
3bf0cc12-598b-45d3-9d99-fccdb929ef2f,HR Manager,Northeast,Tech,2020-05-21,89303,"GCP, Docker, Spark, Machine Learning, Deep Learning",97,65,32,28
ceccb567-4f9a-4b81-9b53-8e159e5ca20b,Machine Learning Engineer,West,Retail,2021-07-13,195543,"Azure, Docker, Excel, Leadership",73,60,13,12
19f857bf-bcc2-4424-8a77-488ca6ec3103,Machine Learning Engineer,West,Finance,2024-06-18,172909,"Tableau, Deep Learning, SQL, Communication",62,87,-25,43
56b9c3e8-a7c4-4888-b00e-51d14c5c05cd,Product Manager,South,Tech,2023-10-11,118427,"AWS, Deep Learning, Azure, Excel, Docker",53,72,-19,46
1164c7ae-730b-46e2-85bd-ec12453dc7b6,Data Analyst,Midwest,Retail,2020-04-22,75674,"Docker, Python, Leadership, Node.js, Azure",58,66,-8,38
332e40ed-cc65-482d-926e-7303b62559d1,Machine Learning Engineer,West,Manufacturing,2025-12-07,156902,"Azure, Machine Learning, SQL, Excel",97,44,53,14
f44b7e75-1a5c-46b2-9d52-7ce8ee8290de,Machine Learning Engineer,Northeast,Tech,2021-08-20,167486,"Python, Machine Learning, Tableau, Kubernetes",93,59,34,50
3b91839e-3eeb-4301-a711-c5b939168a19,DevOps Engineer,South,Healthcare,2025-02-26,109732,"Tableau, GCP, Excel",76,63,13,13
7c47b526-029d-4467-a893-391bf49ef317,Data Scientist,West,Finance,2021-08-06,185792,"Spark, Communication, React, Azure",67,81,-14,49
b8c7b9bd-f549-41da-a54e-7449ec8dd50c,Cloud Architect,Midwest,Tech,2024-04-04,161569,"Kubernetes, Deep Learning, Node.js",81,62,19,34
2fdbf0e2-d163-4ab3-bb1d-33f55673c270,HR Manager,West,Tech,2025-08-05,99185,"Node.js, Python, Communication",68,42,26,34
f81ca8e2-da44-403f-a057-d3aafe85e8eb,Cloud Architect,Northeast,Retail,2024-12-30,189305,"Python, Machine Learning, Spark, AWS, Node.js, GCP",90,67,23,36
772a339a-a851-4454-a3dd-464ada001ab8,HR Manager,West,Manufacturing,2020-08-23,106771,"GCP, Excel, Tableau",50,77,-27,31
9c102071-7cc9-4381-a3f9-2385768d9a95,Data Scientist,West,Manufacturing,2025-04-10,149736,"GCP, React, AWS, Python, Docker",41,85,-44,38
697c866d-6a1e-49dc-a436-49a94109861c,Product Manager,South,Manufacturing,2021-09-26,127732,"Python, Kubernetes, React, Node.js, Machine Learning",77,57,20,24
e6111c9e-44a0-484b-8765-1d51771cd5d3,Data Analyst,South,Finance,2021-10-19,85767,"Azure, Docker, Leadership, Deep Learning, Python, AWS",85,94,-9,35
38e8a7f1-4306-413a-b280-9380becb6720,DevOps Engineer,Northeast,Tech,2023-06-08,151802,"Docker, React, AWS, SQL, Kubernetes",94,86,8,42
98cd3a4d-f9de-426c-9520-7cda56fd7ba7,Data Engineer,Midwest,Healthcare,2022-05-13,126003,"Communication, Kubernetes, Spark",64,93,-29,38
d5e7df9a-51a8-4c01-828b-006963731259,Data Scientist,South,Tech,2022-10-12,143725,"Excel, Azure, Spark, AWS",64,42,22,13
fa4ef0db-cacd-4d85-863b-ba8c2047f11d,Product Manager,Midwest,Retail,2023-05-03,122867,"SQL, Kubernetes, AWS, Excel",46,44,2,35
2cdfc3bb-56c1-4a94-bebb-a7b4074ae856,Business Analyst,West,Retail,2022-08-10,93301,"Machine Learning, Deep Learning, SQL, Communication, Spark",66,59,7,19
d3e5d729-c7f0-46a1-80e0-c79000bcc18f,Business Analyst,West,Tech,2022-10-12,85856,"Deep Learning, Excel, AWS, Docker",97,43,54,47
a32a7f66-238a-4efc-9223-f03e33cc9be8,DevOps Engineer,Northeast,Manufacturing,2021-03-25,115318,"Python, Communication, React, Node.js, Deep Learning",78,95,-17,39
8a24513b-eaa8-4587-a7b5-0e9fd1dd4bb9,Data Scientist,West,Manufacturing,2021-12-31,188286,"Spark, Azure, SQL, GCP, Leadership",49,92,-43,11
69c3e934-adb5-4f97-8dd7-6c6bf7b595c4,HR Manager,Northeast,Tech,2023-02-04,108080,"AWS, React, SQL, Node.js",50,73,-23,11
a09f1b1b-9c46-4f1c-8791-5da717d548b3,Data Engineer,West,Healthcare,2025-04-15,164649,"Node.js, AWS, Communication",90,51,39,21
c057f67c-6d45-4abe-9a49-adc62eeff400,Data Analyst,West,Tech,2020-12-31,109176,"Communication, Node.js, GCP, Leadership",86,44,42,5
b518b3f6-e2cc-4f5b-adc4-6947c8320834,Data Scientist,Midwest,Healthcare,2020-11-01,132122,"Deep Learning, Excel, SQL, Tableau",41,80,-39,44
72c0f6a0-3566-4b1a-8315-107ef8c34662,Software Engineer,South,Manufacturing,2020-07-05,117770,"GCP, Spark, Node.js",84,73,11,29
218986e3-ecd1-4e39-87f3-5c4c57d4f784,Business Analyst,Northeast,Manufacturing,2020-04-11,75881,"Kubernetes, Deep Learning, SQL",41,61,-20,22
b26a43c4-20ea-4ee0-8499-af488b610df4,Data Scientist,South,Manufacturing,2023-05-03,123711,"Tableau, Excel, AWS, Python, Leadership",88,57,31,18
58238cf6-c800-4cd1-b6bf-ccee7070c68e,Data Engineer,South,Retail,2023-04-07,137614,"Leadership, Tableau, Node.js, Docker",78,56,22,41
4546f1bb-d95d-4612-81a9-1e17344eaeea,Machine Learning Engineer,West,Finance,2025-06-20,158581,"Communication, AWS, Machine Learning",93,66,27,19
2474fd4f-6be0-4ae6-bd62-f776cdc70ab3,Product Manager,Northeast,Healthcare,2021-07-03,153383,"Tableau, Communication, Machine Learning, Spark, Python, Excel",88,69,19,30
94854c13-8811-48ce-963c-7c05ec08fbf1,Data Engineer,South,Manufacturing,2022-05-17,119001,"Kubernetes, Azure, Leadership",83,72,11,36
a481968c-091b-43a7-994f-6c50188e130a,Product Manager,South,Healthcare,2025-12-15,113038,"React, AWS, Azure, Excel, Python",87,37,50,13
cb7e34e1-bf16-447e-9691-d644001ef783,Cloud Architect,West,Manufacturing,2020-08-01,186845,"Tableau, AWS, SQL, GCP, Python, Excel",48,76,-28,22
d0533940-e44e-403c-803a-ef9f95ddc489,Cloud Architect,West,Finance,2025-06-17,203119,"Spark, Excel, Node.js",45,77,-32,36
f9675e92-4e4b-48b5-989e-2128e6a9fc12,HR Manager,Midwest,Manufacturing,2020-11-06,86655,"AWS, GCP, Tableau, Deep Learning",47,65,-18,41
f6550fba-ac87-431c-9025-310d8f36ec4b,Data Engineer,Midwest,Tech,2021-01-03,127930,"React, GCP, Azure",69,52,17,24
b27e5ae4-9e77-4aad-bdcc-0c9dc2e1675a,HR Manager,South,Retail,2022-04-09,95255,"Azure, Tableau, Leadership, React",68,32,36,50
c7f6e97b-0eac-4086-bce8-4e36d1db30ff,HR Manager,Northeast,Manufacturing,2025-02-03,92748,"AWS, Machine Learning, Deep Learning, Excel, SQL, Spark",96,40,56,50
238be311-3589-4eb6-b7b7-6f6e9ab9921c,HR Manager,Northeast,Finance,2021-03-04,92843,"React, Node.js, Tableau",65,33,32,45
54d9660e-8453-4ab7-ab1d-a428e76abfd9,Data Analyst,Midwest,Finance,2022-12-04,78414,"Tableau, Kubernetes, AWS",98,63,35,48
7edd4b64-ffae-4936-afa9-9a9f079162bc,Business Analyst,Midwest,Tech,2021-07-26,80536,"Excel, Spark, GCP, Machine Learning, Tableau, SQL",96,89,7,11
15b7a857-d3f7-4706-ad69-09e11b6c1254,Software Engineer,South,Healthcare,2022-05-31,136229,"Communication, Kubernetes, SQL, Node.js, AWS",65,37,28,27
af95e95d-35e0-487d-8c81-29894358558e,Business Analyst,South,Tech,2024-01-06,69374,"Python, Machine Learning, SQL",93,80,13,10
85ef9766-466b-4e36-9df9-7e53c21631ae,Product Manager,West,Finance,2022-10-10,140471,"Docker, Python, Excel, React",65,37,28,17
9ca72ea9-fdb0-4a58-acfc-ab3758e029bf,HR Manager,South,Tech,2024-11-19,103106,"React, Communication, Kubernetes, Azure",97,43,54,34
cc25fac0-8f0e-41ae-b0ff-2b240809ea2c,Software Engineer,Midwest,Healthcare,2022-06-18,128507,"GCP, React, Python, Leadership",48,31,17,10
1791e20d-5969-4028-9981-bc3f813a78c2,DevOps Engineer,West,Tech,2021-11-22,164287,"Node.js, Machine Learning, Python, Spark, SQL",41,90,-49,14
921497c7-7757-4df3-bb6b-a863df330632,Business Analyst,West,Healthcare,2022-03-23,107010,"Azure, Machine Learning, Leadership, Docker, GCP, Node.js",56,67,-11,40
ac4ecba9-f947-427c-ae72-b60009beabce,Data Engineer,South,Healthcare,2020-10-19,144006,"Excel, AWS, Kubernetes",42,56,-14,31
e1965547-3cea-4175-84e0-61dce8023a71,Machine Learning Engineer,Midwest,Healthcare,2020-01-20,138591,"Tableau, Machine Learning, Python, Excel",79,33,46,23
2923ea6b-19b5-49c5-9a30-19caf868b1c9,HR Manager,West,Finance,2022-07-31,103422,"SQL, React, Kubernetes",80,49,31,34
fbb52401-7c56-4656-9714-0ebe348f0af5,Data Analyst,Midwest,Manufacturing,2025-01-16,65927,"Deep Learning, Communication, Machine Learning, Azure, AWS, React",86,44,42,10
a5465424-e2c6-4e04-a803-dc2e388fa544,Software Engineer,West,Tech,2020-01-26,159927,"AWS, Azure, SQL, Tableau",54,46,8,11
3ac89357-e92e-4bb3-9b88-4c15a464aec3,Software Engineer,Northeast,Tech,2025-09-12,137924,"Machine Learning, React, Kubernetes",77,63,14,24
0bf62b83-006a-4c18-a2c7-b14a7de767a2,Product Manager,West,Manufacturing,2022-07-21,185787,"Tableau, Azure, Machine Learning, AWS, React",49,59,-10,31
1ffaa0be-7dbf-477c-9c18-7d709677c7f8,Data Scientist,Northeast,Manufacturing,2023-08-29,150190,"GCP, Excel, Machine Learning, Node.js",94,57,37,23
0acb680b-481f-4a8e-bf41-6cc6020a8f70,Business Analyst,Midwest,Retail,2020-07-28,78060,"Kubernetes, Leadership, SQL, AWS, Python",61,72,-11,30
f2ecc9fa-739d-47eb-a2db-da802468f57c,Product Manager,Northeast,Manufacturing,2024-02-23,141857,"Node.js, Machine Learning, Docker, Leadership",49,47,2,44
989c5ad9-76ed-4316-ab09-9865c46591c8,Data Analyst,Northeast,Retail,2024-02-08,73835,"Node.js, SQL, Communication, Docker, Azure",67,91,-24,38
7b2435cf-a67b-485e-8b24-cc4ec06a20b9,HR Manager,South,Healthcare,2020-10-14,87753,"Tableau, Machine Learning, React, Kubernetes",43,54,-11,36
63500a93-3b09-4298-8748-a31ddb7efd05,DevOps Engineer,West,Healthcare,2025-01-31,148835,"Python, Tableau, Communication",95,43,52,20
6f53a00f-77ed-46b9-a244-e775cd2d340e,Cloud Architect,South,Manufacturing,2025-11-23,149399,"Leadership, Kubernetes, GCP",88,68,20,9
e696044f-f415-4c0e-93bf-e23e9e37740c,DevOps Engineer,West,Tech,2023-05-04,141151,"Spark, Deep Learning, AWS",50,59,-9,41
47f1d40e-f750-41cb-8894-16b1973ec58a,Business Analyst,Midwest,Healthcare,2024-12-17,88515,"Excel, React, Spark, Communication, Docker, Python",78,54,24,24
762b94d7-745a-4d36-b79c-e41d9289a01b,HR Manager,South,Tech,2024-04-11,98415,"Docker, Spark, Python, Node.js",68,70,-2,42
f20f528d-db66-4adb-8eae-4123d4354652,Product Manager,Midwest,Retail,2020-05-26,129306,"GCP, React, Azure, Kubernetes, Spark, Docker",52,61,-9,18
d3c51e6d-e616-4ae7-9bb6-34ab61cf6a13,HR Manager,Midwest,Tech,2023-05-01,93705,"Tableau, React, Azure",43,74,-31,22
bae3fd9d-3ccf-4e89-b336-d4937739aafd,Data Analyst,Northeast,Retail,2022-12-11,99141,"Docker, Communication, SQL, Spark",56,70,-14,36
1c1fbffe-1205-413e-9755-6cf4cf6cb9b3,Business Analyst,West,Tech,2022-12-19,113901,"Excel, React, Spark, AWS, Node.js",62,80,-18,32
ddcccac4-dd6d-4252-8d35-fdeab686063b,Data Analyst,Midwest,Retail,2021-05-31,81352,"Machine Learning, Excel, SQL, Spark, Docker, React",55,35,20,39
edfe87dd-0f71-4575-ba5e-91eda40a8949,Machine Learning Engineer,West,Healthcare,2023-05-09,198561,"Tableau, Azure, Communication",92,38,54,9
a0a5ddae-7dfc-4289-84a0-4c66dd32a1af,Business Analyst,Northeast,Retail,2025-07-27,86775,"Tableau, Machine Learning, AWS, Python",75,60,15,20
e747cae6-ad7a-417d-a515-caf204a4d88a,Software Engineer,Northeast,Retail,2021-11-10,129830,"AWS, Azure, Tableau, React, Node.js, Kubernetes",86,81,5,31
71b62f03-b25f-4ddb-8d5f-a30db741d06e,Data Engineer,West,Retail,2025-06-09,154607,"SQL, Python, Machine Learning, React, Excel, Leadership",59,57,2,41
4bb221b6-31c7-48ce-a4df-4cb8c7d9854a,Machine Learning Engineer,Northeast,Manufacturing,2020-10-22,146006,"GCP, Node.js, Kubernetes, Azure, Spark",54,72,-18,42
484faa73-dd78-4f86-8c47-742ed05a7e8d,Business Analyst,West,Finance,2024-02-26,112455,"SQL, Excel, Communication, Tableau",63,84,-21,29
e986c1f3-0f03-43f9-8814-df656ef6cadf,Machine Learning Engineer,West,Healthcare,2021-03-26,191349,"GCP, Spark, Tableau",81,86,-5,43
8109458c-0726-44a8-9028-05f56682b0c9,Software Engineer,Northeast,Manufacturing,2021-12-23,122763,"React, Tableau, Docker, Spark",46,36,10,33
f889aa1b-6281-48ec-8f31-8d70e91e3a22,Software Engineer,South,Healthcare,2022-05-17,103439,"SQL, Deep Learning, Machine Learning, GCP, Python, Tableau",60,93,-33,31
8246d05e-0609-4e46-ba72-bf009c9cad1f,HR Manager,Midwest,Retail,2021-10-25,76591,"SQL, Azure, Node.js, React, Tableau, Communication",40,47,-7,9
877acb8b-d1e5-4fd4-b208-9c35017abf99,DevOps Engineer,South,Healthcare,2020-02-26,106330,"Machine Learning, Leadership, Docker",44,41,3,16
a0bc430f-12b0-45aa-b0cd-86e9859e693c,Cloud Architect,Midwest,Retail,2024-05-24,127154,"Docker, React, Deep Learning, Python, Tableau",66,80,-14,27
0ff9484f-5eb9-44b8-9725-155ee537d136,HR Manager,Northeast,Tech,2023-02-20,113207,"SQL, Docker, React, Spark, Tableau, Deep Learning",54,71,-17,35
48cef0c3-d8a0-45ad-97bd-a42eb3a84e04,Data Scientist,West,Manufacturing,2021-12-28,187764,"Excel, Python, Docker",78,77,1,38
669dc68b-00b4-4afe-b963-ef1c5b8cf756,Data Analyst,South,Retail,2021-09-29,72597,"Excel, Deep Learning, GCP, Machine Learning",79,85,-6,33
7743607b-58d7-487d-aa1d-30bd3f0a59cb,Data Analyst,West,Tech,2025-11-26,76584,"Deep Learning, React, Python, Spark, Tableau",84,76,8,48
3fd597cc-e9d9-4609-b9da-3361a2b28f00,Data Engineer,Northeast,Tech,2024-09-11,127222,"Tableau, Communication, Kubernetes",63,72,-9,21
dc663954-ca6b-40db-977f-ee5f0fb0a31e,DevOps Engineer,Midwest,Tech,2020-05-10,119309,"Tableau, Deep Learning, Azure, Node.js, React",79,92,-13,50
f99233e7-f324-432a-a7bc-126c3a862af6,Product Manager,Midwest,Manufacturing,2020-01-23,103610,"Docker, Spark, Kubernetes, AWS",53,82,-29,11
c311014a-d033-4764-b605-cd5bdc98b46e,Data Analyst,Midwest,Healthcare,2023-09-16,68348,"Leadership, Python, Spark",79,60,19,11
635276fb-9ebb-485f-bd12-2e157c2f9823,Software Engineer,West,Tech,2022-03-02,179719,"Node.js, Tableau, Docker",94,51,43,21
cf6304fe-9d18-4103-9848-944c0fdd2aba,Data Scientist,South,Tech,2023-01-24,140930,"GCP, Leadership, Excel, AWS",45,65,-20,26
3fc9e846-a9ef-45e8-bb35-56651a4d44f4,Data Analyst,Northeast,Tech,2020-08-31,84844,"React, Node.js, Spark, Excel, AWS",54,54,0,48
5c9a8a9c-4557-4f08-9eb5-123214e3cd62,Data Scientist,Northeast,Healthcare,2025-12-13,165810,"Tableau, Communication, Kubernetes, AWS",89,49,40,48
9069b24b-1527-4e90-86a0-94f45ff4a9ff,Data Analyst,Midwest,Manufacturing,2023-03-25,79473,"Deep Learning, SQL, GCP, Tableau, Docker, Python",75,92,-17,40
39c8aa5a-1c95-4d79-bb1d-60e49fa3b0a1,Data Analyst,Northeast,Manufacturing,2020-09-03,93252,"Deep Learning, React, Azure",61,72,-11,50
e5afc92d-5528-42e3-b339-67f576b92cf5,HR Manager,South,Healthcare,2023-07-04,98300,"Tableau, Spark, Machine Learning",50,82,-32,15
74081051-199c-422d-a3d8-5d57c1a54a30,DevOps Engineer,Northeast,Tech,2021-09-11,117474,"Communication, Deep Learning, Node.js, Kubernetes, Machine Learning",81,31,50,27
a4bc4f37-0684-4a67-b4f6-da9bd1c9380a,Cloud Architect,South,Manufacturing,2022-07-08,131758,"Communication, Node.js, Docker, Kubernetes",70,80,-10,49
616f63e6-7f38-4016-b6f4-c9ab8e150e53,Cloud Architect,Northeast,Manufacturing,2021-01-17,182380,"SQL, Kubernetes, Deep Learning",79,43,36,12
6b8b416e-7df3-43ac-9031-d7832ed96f80,Data Analyst,West,Retail,2022-11-07,79780,"SQL, Kubernetes, Communication, Docker",93,90,3,33
baf9682b-9e73-4898-9054-f69a1a06943e,Software Engineer,Northeast,Healthcare,2021-01-03,146642,"AWS, GCP, Kubernetes, Azure, Tableau, Docker",86,46,40,7
4cbad54d-4ca4-4c1a-8d88-b16e1db6e4ff,DevOps Engineer,West,Manufacturing,2021-06-07,132067,"AWS, GCP, Azure, React, Python",90,63,27,14
3e2b677c-3e58-42d4-bc49-faffb5bbc7c0,Machine Learning Engineer,West,Healthcare,2020-07-29,153486,"Python, Deep Learning, AWS, Kubernetes, Leadership",56,63,-7,47
7a774d0a-ab30-4143-995c-0cc594235e71,Data Analyst,South,Finance,2025-08-02,81640,"Node.js, Communication, Python",93,74,19,20
d38c08fa-1a06-477a-bb25-e3ef21511e63,Data Analyst,Midwest,Healthcare,2025-11-07,76783,"Spark, Excel, Kubernetes, Tableau, Azure",51,49,2,33
3430e282-19e0-4558-b649-91552ff55021,Cloud Architect,South,Finance,2020-10-24,142847,"Python, Azure, Machine Learning, Excel, SQL, Node.js",96,76,20,40
369eac51-230b-45a4-b542-a1393cc53c8d,Data Engineer,Midwest,Finance,2022-10-29,126887,"Deep Learning, Spark, Kubernetes, Node.js, Docker, Tableau",68,58,10,50
58eeb592-0681-45fa-b71c-54f19066c364,Data Engineer,South,Retail,2025-10-25,144273,"React, Tableau, Spark, Python, SQL, Communication",91,47,44,13
457ffff9-ef0d-42d8-8c23-0e82fa6f4fdd,DevOps Engineer,West,Healthcare,2020-11-22,166169,"Node.js, Leadership, AWS, Excel, Machine Learning",84,45,39,33
2ee7c156-02b5-4f16-959a-2a0ba7ef2525,Software Engineer,South,Tech,2025-03-28,129546,"Machine Learning, Deep Learning, Python",58,92,-34,45
e024c1dd-d3d5-4e80-9067-ea22fd362ada,Business Analyst,Midwest,Retail,2021-07-17,76806,"AWS, React, GCP",74,92,-18,8
135e7d5f-04d3-4d8e-b4e7-68b46005a3f2,HR Manager,West,Manufacturing,2020-07-25,100198,"Spark, SQL, Excel",86,39,47,48
f8a6d06c-45db-4f60-990b-1043ec7a7063,Data Engineer,South,Manufacturing,2023-03-06,112621,"Communication, Excel, Python",50,80,-30,38
02872ede-5645-4d38-8b3f-0c85602c867e,Cloud Architect,Midwest,Manufacturing,2025-03-06,122961,"Tableau, Python, SQL",98,37,61,22
d8869e5e-1ab9-4d53-ac6a-14a0f6069ba0,HR Manager,West,Finance,2020-12-29,96382,"Kubernetes, Machine Learning, Node.js",85,61,24,42
0f5e0d6e-784b-43c4-8652-182928632962,Product Manager,Midwest,Retail,2023-12-09,100652,"GCP, Deep Learning, Machine Learning",60,88,-28,50
8975fa50-2768-4e88-80f3-cfec78a16675,Business Analyst,Midwest,Finance,2022-09-23,86128,"Docker, SQL, Spark, React",48,87,-39,50
89bf8679-6ee2-43d0-9565-728ccdb8a83c,Business Analyst,South,Tech,2024-12-17,71177,"Tableau, Leadership, Node.js, React, Azure",55,89,-34,13
ada20ad3-47a3-45ef-85de-bbb80056d3a3,Machine Learning Engineer,Northeast,Retail,2024-11-12,140101,"Node.js, Kubernetes, Deep Learning, AWS, Machine Learning, GCP",74,37,37,8
f4616ba3-1e32-435f-8a1f-49a39a34245e,Machine Learning Engineer,Northeast,Tech,2025-01-12,177042,"Excel, Kubernetes, Node.js, Machine Learning, Azure, Communication",46,32,14,24
b4fa9249-97e8-4c7c-bf89-4e3d8abdc755,Software Engineer,Midwest,Healthcare,2022-12-29,101507,"Excel, Python, Docker, Node.js",73,31,42,41
6e6733d3-fb62-43cd-a355-68dd479d6a30,Data Analyst,South,Manufacturing,2020-12-15,71727,"Node.js, Azure, Docker, AWS",58,32,26,11
4908414f-97b4-416e-ba8f-fe3fd45c7e9a,Business Analyst,Midwest,Healthcare,2021-08-28,67361,"Kubernetes, Deep Learning, Leadership, React",50,81,-31,34
c9317ad5-8f6d-4ddc-8731-bddfee6facec,Cloud Architect,West,Healthcare,2023-03-27,176963,"GCP, AWS, Azure",54,67,-13,50
f16caba5-9c75-4bc6-9454-4bba089abc4b,Machine Learning Engineer,Northeast,Tech,2024-02-03,157855,"Deep Learning, Communication, Node.js, Tableau, Docker, Spark",41,53,-12,9
3bf44929-4528-4c7d-a8d7-b1dc2c720675,Cloud Architect,West,Tech,2025-04-11,167703,"Machine Learning, Spark, Kubernetes, Node.js",76,83,-7,8
e3be9b3a-e283-45cb-9bde-b96dc827a16b,Cloud Architect,Midwest,Tech,2025-02-09,122448,"Docker, Spark, Kubernetes, Node.js",74,56,18,23
2dc53eb3-a4b5-43ce-8974-2b5bb3c4d2c6,DevOps Engineer,West,Finance,2021-01-01,126182,"Leadership, Kubernetes, Python, GCP, Node.js, React",67,41,26,35
87912c8b-c757-46d4-b22a-a6fa92db1103,Data Scientist,Northeast,Tech,2021-07-28,160791,"Azure, React, SQL, Leadership, Excel, Spark",82,43,39,11
f1d5db06-caa1-40cc-97d3-827f01322b1c,Product Manager,South,Finance,2020-01-16,134294,"Kubernetes, Deep Learning, React, Tableau, Python, Leadership",58,39,19,28
90610493-fc33-4a70-8825-64dff1e2b64e,Software Engineer,Northeast,Finance,2025-03-22,134626,"Node.js, Tableau, AWS, Kubernetes, Deep Learning",99,71,28,16
0c6c6cf7-22ee-4b70-b174-1b8287d93bc6,Business Analyst,West,Manufacturing,2021-05-17,109665,"Tableau, Kubernetes, Leadership, Deep Learning, Docker, GCP",98,47,51,25
2c66bdc8-d9a5-47c1-91b6-60d6547a499f,Machine Learning Engineer,Midwest,Healthcare,2025-09-10,151245,"GCP, Node.js, Excel",90,65,25,18
1aaf3018-6053-459f-be05-ea7dc206b99e,Software Engineer,South,Finance,2025-03-27,117195,"Azure, Deep Learning, SQL, Leadership",96,93,3,49
159fa803-81b5-4b32-9788-993c44c57e48,Data Analyst,Midwest,Finance,2020-07-28,75315,"Deep Learning, React, AWS, Python, Azure, Leadership",51,46,5,31
2df2dd5d-5eae-44f2-a32f-02c76ed991aa,Software Engineer,Northeast,Manufacturing,2020-08-22,128740,"Kubernetes, Communication, SQL, Spark, AWS, Excel",94,50,44,32
bde9af68-a899-46c2-9fd2-723d6313f744,Cloud Architect,West,Retail,2021-05-31,151149,"Node.js, GCP, Azure, Spark",95,42,53,12
4ac6d845-c179-46b6-81f9-f699ab076b10,Product Manager,West,Finance,2022-11-04,159253,"Node.js, SQL, Communication, Azure, Kubernetes",89,31,58,40
ee84afab-2bc8-4a47-aa9c-246391c65674,Business Analyst,Northeast,Finance,2024-05-08,94344,"Docker, Azure, AWS, Excel, Python",71,33,38,22
7d5437f1-1867-497d-b600-c79408b162de,Software Engineer,Northeast,Healthcare,2024-09-15,131771,"Azure, React, Kubernetes, SQL, Deep Learning",42,46,-4,23
f3778456-0555-4ab7-97f2-f24694cc0d5f,Software Engineer,Midwest,Healthcare,2024-11-28,131324,"GCP, Leadership, Docker",80,44,36,41
30e52c25-8124-401e-b604-d6bd03919d0a,Data Engineer,Northeast,Retail,2025-10-24,152817,"Deep Learning, SQL, Tableau, AWS, Communication, Leadership",74,64,10,41
50a6b705-ed4a-4313-b4a7-7f20d18cffcd,Software Engineer,West,Retail,2022-11-12,127999,"Docker, Kubernetes, SQL, React",74,36,38,27
aad57bd8-fea9-4594-9866-4a66eaabb633,Product Manager,Northeast,Healthcare,2020-03-24,123438,"Excel, AWS, Python, GCP, Communication, SQL",60,40,20,48
4ce8d74a-9e66-45c1-8605-036525cabdfc,Machine Learning Engineer,South,Healthcare,2020-05-06,131484,"Leadership, Kubernetes, Communication, Deep Learning, GCP, Machine Learning",43,95,-52,27
37360334-ac54-495f-a10d-0ea1f39d8b69,Data Engineer,South,Healthcare,2023-05-16,111114,"AWS, Excel, Docker",96,85,11,7
850e3b4e-519b-48b8-8db9-809e147fc6dc,Cloud Architect,South,Finance,2024-03-30,173808,"Tableau, React, Python, AWS, Spark, Docker",41,71,-30,21
b3f61361-4d36-43f8-a928-46968c25aaa6,Product Manager,Northeast,Manufacturing,2021-03-10,141690,"Docker, Leadership, GCP, Tableau, Communication, Python",74,42,32,45
3c7614cd-e254-4d1a-a5cd-bc017d3c764b,Data Analyst,South,Healthcare,2024-10-05,82619,"Kubernetes, Excel, React, GCP",72,32,40,47
d392a671-83e1-4361-801b-e8a3b6bfd36f,Cloud Architect,South,Retail,2022-10-19,172767,"GCP, Tableau, Leadership, SQL, Spark",82,73,9,41
767a6983-5d86-4ae1-aaec-78fc0f90a603,DevOps Engineer,Northeast,Retail,2020-12-05,136864,"Deep Learning, Leadership, Communication, Kubernetes, Azure, Machine Learning",46,52,-6,16
aac26022-b0b5-4c6b-8958-aed0501ee414,Data Analyst,Northeast,Tech,2020-03-13,99954,"Node.js, Excel, Docker, Spark, Kubernetes",46,93,-47,26
7ca297dd-382d-48f7-9c92-7377ec2a991f,Machine Learning Engineer,Northeast,Retail,2021-05-14,162108,"React, Tableau, GCP, Python",84,81,3,6
d24c7aef-9321-4a2d-9522-9e7003b303fb,Cloud Architect,West,Manufacturing,2021-03-19,201990,"Spark, Tableau, Deep Learning, Machine Learning, Kubernetes",95,87,8,39
7c1f75ca-4e2e-4983-a7d5-94e9e1a85206,Cloud Architect,Northeast,Manufacturing,2020-04-23,146159,"Kubernetes, Machine Learning, Python",69,43,26,13
b66bc31f-1bf0-4ae0-bdb6-ae38958d4f6d,Machine Learning Engineer,West,Finance,2022-06-01,206674,"SQL, Spark, Communication, Leadership",61,71,-10,8
4ca2b2cd-cfe0-44a1-a0b3-d283ac4fe4ce,Product Manager,Midwest,Retail,2022-11-10,108235,"SQL, GCP, Spark, Deep Learning, Leadership",91,37,54,36
157b52e3-7a11-47ca-a7df-735a5cb14dee,Data Scientist,Northeast,Tech,2024-06-22,146071,"Deep Learning, Node.js, AWS, GCP, Spark, Python",72,53,19,19
ff7f94a2-c439-4565-b73d-da3f73aaf70a,DevOps Engineer,West,Finance,2023-07-06,136397,"Communication, GCP, Excel, SQL, Node.js, React",57,74,-17,12
dfcd58a7-9d39-44a7-85b0-3002856a0a18,Business Analyst,Midwest,Tech,2025-10-07,85920,"Kubernetes, Node.js, Excel, Python, React",70,34,36,10
9d7afaf7-c530-47f1-be5d-83013cf3ec5b,Data Engineer,Midwest,Healthcare,2023-09-08,124764,"Azure, Docker, Node.js, Leadership",42,69,-27,44
d9d9c6a4-b3d9-4b6d-842a-99764f1b1815,Business Analyst,West,Finance,2025-10-14,101917,"AWS, Deep Learning, Kubernetes, GCP, Machine Learning, Communication",74,56,18,42
6247896f-5a41-4373-ad54-ae58e97de15c,Software Engineer,South,Healthcare,2025-04-04,100264,"Excel, Tableau, AWS, Python",98,88,10,37
dac6befd-9e20-4391-b090-9b6c7924e2c8,Software Engineer,West,Tech,2021-10-19,125201,"React, Docker, Communication, Azure, Excel",84,33,51,24
f6e1372c-cdf4-491b-95a8-172433eda9ab,Data Engineer,Midwest,Tech,2020-05-19,100933,"Kubernetes, GCP, SQL, Machine Learning, Leadership, React",96,81,15,48
c03fdd4c-69a6-4531-aa24-beed544abe77,DevOps Engineer,Northeast,Retail,2024-05-19,130220,"Azure, Deep Learning, Docker",53,83,-30,27
9e1ae60c-1266-4aff-9e84-8f35a573cfce,HR Manager,Midwest,Healthcare,2023-02-02,99315,"Python, Tableau, Leadership, GCP, Kubernetes, SQL",44,53,-9,12
2212ba43-3ce4-4985-b9cc-8f39de0cb369,Cloud Architect,West,Tech,2023-04-02,204485,"React, Docker, Azure, Machine Learning, SQL",89,39,50,29
f56eaa77-c8d0-475e-b09a-713d30ae36de,HR Manager,West,Manufacturing,2024-01-21,91512,"Deep Learning, Communication, Leadership, SQL, Kubernetes, Python",82,35,47,46
a57885ec-e9b3-4a7d-ac74-21caac6257c9,Software Engineer,West,Tech,2020-09-30,131175,"AWS, Spark, Machine Learning, Kubernetes, Communication, Leadership",42,95,-53,50
cf0fd2f4-8a0f-4099-82c8-6cace5925397,Software Engineer,Northeast,Manufacturing,2025-02-22,122395,"Deep Learning, AWS, SQL, Kubernetes, GCP, Spark",57,33,24,34
4b203857-47ae-422d-bbe2-fd957417c29a,HR Manager,South,Manufacturing,2023-03-11,77033,"Leadership, Azure, Excel, Deep Learning, Tableau, AWS",76,33,43,10
5bd9c4da-e121-42b2-a684-1b4861cdd071,HR Manager,Northeast,Retail,2024-05-27,106285,"Python, AWS, Docker",65,67,-2,32
67a523cc-a3d7-4259-97c1-3c25a2d867da,Data Engineer,Northeast,Retail,2024-11-26,143976,"Kubernetes, Excel, Azure, Machine Learning, React",85,46,39,29
62ba4154-f629-41ad-b515-68694eb33d51,Software Engineer,Midwest,Finance,2023-10-25,121986,"Node.js, Communication, Azure, Leadership, AWS",90,30,60,14
d3b02d74-71d8-4488-beb7-d67d27efc0ab,DevOps Engineer,Midwest,Tech,2021-06-17,128739,"Leadership, Excel, GCP, Python, Communication, SQL",91,75,16,17
3c774856-1fb9-4ef1-a0c8-1026ecfb5525,Data Analyst,Midwest,Healthcare,2022-02-21,75663,"GCP, React, Leadership, Excel, Machine Learning",55,61,-6,29
17a28153-b5b1-49f5-b40d-0929973e02af,Data Analyst,Northeast,Finance,2024-02-01,71256,"Tableau, Spark, Azure, Communication, React",71,52,19,19
fca73560-17fc-4d3e-8721-39aeecebb930,Data Engineer,Midwest,Retail,2020-12-27,115706,"GCP, Azure, Tableau, Leadership, Node.js",47,71,-24,18
ab67297d-96c5-463b-8d47-a066bf211dc5,Cloud Architect,South,Finance,2022-12-06,147794,"SQL, AWS, React, Docker, Node.js, Excel",80,44,36,40
ac5b6774-c50a-49dc-8ad8-1b8b7b0766bc,Data Engineer,Northeast,Manufacturing,2022-11-11,131766,"React, GCP, Tableau, Spark, SQL, Excel",88,60,28,19
a597e7ad-50b9-4088-aaa3-ec158b99d179,HR Manager,West,Healthcare,2023-09-27,128349,"React, SQL, Communication, Machine Learning, Spark, Deep Learning",98,63,35,46
23a5c43b-44c1-4509-8caa-6b9bff1c2abb,Software Engineer,West,Retail,2021-06-27,175867,"Excel, React, Tableau, Docker, Python",44,93,-49,50
63acc7ef-dc24-4fa9-b4bb-cd3f813517f2,Cloud Architect,South,Retail,2025-11-03,174495,"Spark, GCP, Excel, Azure",86,65,21,20
a8473bf7-5e06-491f-a4d1-afb33dd67c69,HR Manager,Midwest,Retail,2023-10-31,81909,"Python, Kubernetes, Docker, Leadership, Deep Learning",51,41,10,33
512c1a6c-cdb7-4a7d-be14-ced83d53cb23,Data Scientist,South,Healthcare,2022-09-24,154294,"Node.js, SQL, AWS, Leadership, Communication, Machine Learning",84,58,26,42
d5d1984d-8137-4621-8642-5104bfe72470,Data Analyst,South,Retail,2021-10-21,71989,"Communication, Machine Learning, Deep Learning, Kubernetes, Spark",73,62,11,5
04644cd4-7aa4-4ffb-bc2f-510582e6bed2,Data Scientist,West,Manufacturing,2024-09-28,173672,"Leadership, Azure, AWS, GCP",88,57,31,38
58f293d2-e39e-45e6-b7e4-3e27f210a067,Software Engineer,South,Finance,2025-11-30,123490,"AWS, SQL, Deep Learning, Azure, Communication",61,77,-16,42
f9018507-cca2-453b-88c7-30d33528e2b7,Data Analyst,Northeast,Tech,2024-05-22,70994,"Kubernetes, Azure, Deep Learning, Spark, SQL, AWS",78,52,26,36
b251aa9e-230e-4a41-83e0-50a7a8fdd429,Data Engineer,Midwest,Manufacturing,2022-08-29,108215,"AWS, Tableau, SQL, Python",52,76,-24,43
d9d82649-bb19-4199-9d69-5fa61aa4ad20,Data Engineer,Midwest,Retail,2023-12-10,135777,"Tableau, Docker, React, Communication",70,42,28,48
2b466293-2951-4f60-a5e1-0b9898ad4f28,DevOps Engineer,South,Finance,2025-06-01,125109,"Azure, Kubernetes, Tableau",57,53,4,12
accb9cf6-8c44-478d-abe8-283433bdf382,Cloud Architect,Northeast,Retail,2021-07-03,159196,"Kubernetes, AWS, Deep Learning, Docker",45,67,-22,29
44d21caf-8662-4526-a692-e40d34de54d0,Software Engineer,West,Healthcare,2021-05-28,176684,"Tableau, Machine Learning, GCP, AWS, Kubernetes, Azure",83,42,41,41
06ce490b-59f7-413c-88a9-b51930d96f9f,Data Engineer,Midwest,Finance,2023-04-19,103058,"Deep Learning, Communication, Machine Learning, Tableau",86,89,-3,11
6d4f6f78-7052-4933-83cb-7118876d61a8,Data Analyst,West,Tech,2021-12-22,101463,"Excel, Tableau, React, GCP, Spark",79,84,-5,30
b8a73837-c3e4-4f24-ad5c-e03c45d786ac,Cloud Architect,Midwest,Tech,2024-11-13,148527,"Python, SQL, Excel",45,65,-20,38
baa3da36-6ec8-44b3-940c-9d4ded401ef5,DevOps Engineer,West,Manufacturing,2023-03-13,136473,"Leadership, Kubernetes, Communication, Node.js, Excel",84,84,0,18
781d64ae-f652-4ef6-a78b-710550fe3f76,Business Analyst,Northeast,Tech,2022-11-07,76937,"Spark, Node.js, GCP, Communication",57,71,-14,30
bb3863f4-4f9a-41cb-a020-1b0e8a0faad0,Data Engineer,Northeast,Manufacturing,2023-09-16,133513,"Kubernetes, Machine Learning, React, SQL",40,41,-1,14
68476ef5-8eb5-4b2b-b1b2-54fcef6cd01e,Product Manager,Northeast,Manufacturing,2025-07-02,156777,"Azure, Tableau, Kubernetes",60,47,13,19
805e4ad8-52ec-4f4e-a7b7-ab4d7784f835,Product Manager,Midwest,Retail,2023-12-16,134226,"Tableau, GCP, Kubernetes, Leadership",82,80,2,44
133628b1-34b1-450a-80e5-ada2f60b4a55,Machine Learning Engineer,South,Manufacturing,2025-07-28,122850,"Node.js, Tableau, SQL, Spark",99,87,12,38
f94cb0ce-056b-4954-a2c8-a90495e62d04,Machine Learning Engineer,Midwest,Finance,2022-07-26,151223,"Excel, Deep Learning, Kubernetes, SQL",88,36,52,23
974d78fb-a563-4f9a-9d03-c62c3c59e726,HR Manager,Northeast,Manufacturing,2021-02-14,97359,"Node.js, Leadership, AWS, SQL, Spark, Docker",92,30,62,28
02109c7a-5e1a-4e16-8c78-8243be82ee73,Data Analyst,Northeast,Finance,2023-03-11,91052,"Python, Docker, SQL, GCP",67,88,-21,18
7bd94888-efbd-4fa6-a282-6ffe69c8d142,Business Analyst,South,Finance,2023-08-05,71990,"Communication, Deep Learning, Docker, Leadership, AWS, Node.js",70,92,-22,47
e6165fde-7579-49b6-9f5d-3de9159995bf,HR Manager,South,Retail,2024-07-30,95169,"React, SQL, Communication, Node.js, Deep Learning",80,57,23,37
82e1c5e7-d11b-4fab-9cd6-6b5d3155e8cc,HR Manager,South,Retail,2025-10-17,97000,"GCP, Machine Learning, Leadership, Deep Learning, Excel, Python",58,75,-17,46
a2f1be10-4d68-4195-aedd-af463d621d66,Product Manager,West,Healthcare,2022-02-16,156766,"Spark, SQL, Docker, Deep Learning",45,91,-46,22
7db89530-fb9e-4f46-8866-543e151e0f5c,Cloud Architect,West,Healthcare,2025-05-15,173118,"Python, Kubernetes, Communication, Leadership, Excel",87,82,5,34
149f20b1-716d-4377-b023-432616799cc9,Product Manager,West,Healthcare,2025-09-19,138339,"Leadership, Tableau, Communication, GCP, Azure",52,39,13,34
49450f00-bb67-4b26-a526-7e32c7f16d18,Machine Learning Engineer,Northeast,Finance,2021-01-24,147486,"Communication, Spark, GCP, Excel, React, Tableau",49,49,0,18
166a3ced-0885-4f66-a523-9df923666d17,Product Manager,Northeast,Healthcare,2024-07-16,127635,"Machine Learning, Communication, Azure",74,86,-12,7
6a434888-ab24-45be-9f88-6c74408e5af1,Data Scientist,Northeast,Healthcare,2024-09-14,135726,"Kubernetes, Python, Azure, GCP, React, Node.js",79,70,9,36
a9958436-088d-4fc6-ab9f-2dc220b32179,DevOps Engineer,South,Finance,2025-03-10,133620,"Kubernetes, Deep Learning, Leadership, Azure, Python",61,76,-15,25
fb63d3ff-b166-4496-8445-d0512e990d17,Business Analyst,Midwest,Tech,2021-03-25,71889,"GCP, Python, SQL, Leadership",60,92,-32,50
08a9b662-a992-400a-a97f-8808b3b260e6,Data Scientist,South,Manufacturing,2020-06-09,139862,"Python, Deep Learning, Kubernetes, Excel, GCP, Leadership",90,69,21,43
7d0f6ddc-edf9-4647-92c8-4660f5de4540,HR Manager,Northeast,Tech,2021-01-04,89667,"Tableau, Docker, Kubernetes, Azure",83,62,21,42
c7032188-3ad1-45a4-b3e1-0146cd728451,Software Engineer,West,Tech,2022-07-23,160231,"SQL, Node.js, Deep Learning, Leadership",76,78,-2,13
562a217e-211a-4da1-bde8-a960a3b58d94,DevOps Engineer,Northeast,Manufacturing,2020-04-24,143085,"GCP, Kubernetes, Python",71,47,24,34
433d7421-70d2-4733-8736-59c806a34b9e,Cloud Architect,West,Retail,2020-10-14,203472,"Kubernetes, Python, Docker, GCP",47,82,-35,20
8bb2efbf-9584-4142-936f-024c9173d52b,Data Engineer,Midwest,Manufacturing,2021-12-24,116214,"SQL, Tableau, Spark",48,40,8,25
a8051046-a9e0-4afe-88ec-8b3cf2bd7e21,Data Engineer,South,Manufacturing,2024-02-07,109074,"React, Machine Learning, Docker, Leadership",92,37,55,40
a24f5c52-0ecc-490a-b9d2-08f8859190da,Software Engineer,Northeast,Finance,2020-03-15,111821,"Node.js, Python, Machine Learning, Azure, Spark, React",92,93,-1,49
13da7e01-4564-4ab9-809b-af5692c2e0a7,Business Analyst,South,Healthcare,2020-10-21,75195,"AWS, Machine Learning, Deep Learning",59,61,-2,28
ca6b1f29-0ac7-40e0-a380-059af8a47ca5,Cloud Architect,West,Retail,2021-06-30,201671,"GCP, Python, Leadership, Azure, SQL",67,46,21,25
074746ec-91ab-4032-af74-b875cb6bf293,Software Engineer,Midwest,Manufacturing,2024-02-08,104313,"Kubernetes, Excel, Machine Learning, Azure",56,35,21,35
ad288a69-7e3e-4293-be3a-7142a922385c,Data Engineer,Midwest,Retail,2023-08-17,110636,"SQL, Excel, Docker, AWS, Communication",63,86,-23,40
8aeb98de-ac33-47d8-8083-4e2ebf2e2018,Data Analyst,West,Healthcare,2025-03-18,93971,"SQL, Leadership, AWS",82,87,-5,10
f864ad13-5c67-4d13-910b-1bd7c91d520f,Business Analyst,Northeast,Tech,2025-09-05,101833,"AWS, Leadership, Communication, Python, Machine Learning",62,71,-9,11
e5eac7e2-b5e6-4f44-823d-415c4a691887,HR Manager,South,Retail,2024-05-12,97118,"Communication, Leadership, React, Spark, Docker",68,53,15,25
400a1580-4918-45b4-b9be-9060018fb56f,Software Engineer,South,Tech,2022-09-12,135210,"React, SQL, GCP",91,54,37,49
2e52c95d-ddb9-49ff-8c61-c9545ba4dcd5,Data Engineer,South,Healthcare,2024-08-19,112095,"Kubernetes, Python, Node.js, Communication",62,52,10,39
08925539-763d-4cc9-b588-15540977642f,Cloud Architect,Midwest,Manufacturing,2021-07-11,124560,"Kubernetes, Azure, Python, React, Excel",87,40,47,34
82cde876-473e-4b91-963f-eab1c83f0730,Data Scientist,South,Tech,2022-04-10,155026,"SQL, Excel, GCP, Communication",94,77,17,20
952bacac-8b97-4384-96c4-b123a394034b,Machine Learning Engineer,South,Healthcare,2023-03-25,120302,"Docker, Machine Learning, AWS, GCP, React, Node.js",60,56,4,15
6a731443-d5b5-4b3a-9f44-62930e92de8c,Software Engineer,South,Finance,2023-12-25,113103,"SQL, Node.js, Tableau",40,56,-16,38
2218cc60-4811-4816-8cb4-0579f4e48d4a,Data Analyst,West,Manufacturing,2025-03-15,108219,"Machine Learning, AWS, Communication, SQL, Leadership, Node.js",62,55,7,38
0f051260-d6ac-46a6-bc6b-16445fb14881,Cloud Architect,South,Finance,2020-05-14,155668,"Tableau, Deep Learning, GCP, Spark, React",54,71,-17,29
2ddaf089-e08e-404d-8ca4-1e48ee529944,Software Engineer,West,Retail,2024-05-17,176144,"Kubernetes, Excel, Communication, Deep Learning, Node.js",76,76,0,35
90df6a00-3675-4362-b739-cf52027eca1b,Machine Learning Engineer,Northeast,Tech,2025-03-26,158449,"Docker, AWS, Excel, Leadership, Python, Machine Learning",49,87,-38,8
5c1993cf-84fd-4e74-bc99-b7ff1a91197e,Data Scientist,Northeast,Healthcare,2020-08-02,154386,"AWS, Spark, Docker, GCP, Deep Learning",95,35,60,17
36e297a4-48ad-4355-a187-3030c5a855f7,Cloud Architect,Northeast,Finance,2023-02-13,189370,"Communication, Node.js, Leadership, GCP",49,75,-26,31
dce79133-9d2d-4ac0-991f-e635bd9b6dcf,Product Manager,Northeast,Tech,2020-01-20,157178,"React, Kubernetes, Leadership",65,58,7,30
4945bc4f-42fa-49dc-b0d2-aae997d0036c,Business Analyst,West,Tech,2022-08-26,98530,"Python, Leadership, Deep Learning, GCP",97,43,54,6
f09d2c24-efe9-42a7-9fd4-e8232bdaf7b2,Machine Learning Engineer,South,Finance,2020-03-21,145754,"Kubernetes, SQL, React, AWS",61,71,-10,33
e770d688-c533-44e2-8410-248a11e39b05,Product Manager,South,Healthcare,2025-11-11,145459,"Tableau, Python, Deep Learning",46,53,-7,37
4eb03593-9063-46cf-ab23-d676578af15c,Software Engineer,West,Manufacturing,2023-09-07,129914,"SQL, Node.js, Machine Learning",58,90,-32,23
67c527e0-0858-4f4b-9543-b3c96e68a14d,Data Engineer,Northeast,Retail,2021-06-26,145239,"Docker, Machine Learning, Leadership, Communication, GCP, Deep Learning",62,48,14,31
d415c705-aa0a-4ffa-a578-cf41a7ede1e2,Machine Learning Engineer,Midwest,Retail,2022-02-20,134886,"AWS, Excel, SQL, Spark, Machine Learning",96,54,42,22
ce5d2d08-8e76-4ee9-bdcb-00862a63827e,HR Manager,Midwest,Finance,2022-12-29,96082,"GCP, Docker, AWS, Communication",68,95,-27,44
13d3d223-def3-452b-9fa0-055181e9d137,Product Manager,West,Finance,2023-08-24,168415,"Docker, GCP, Azure",80,55,25,15
fca68d75-25ce-422c-9b72-8fa013a320f3,DevOps Engineer,South,Finance,2022-11-25,108488,"Deep Learning, Spark, Azure, Communication, Leadership, Node.js",93,83,10,45
d23289ae-ea86-474f-85dc-e49e0b4771ec,Software Engineer,South,Manufacturing,2025-02-06,141357,"React, Docker, Kubernetes, Machine Learning",79,88,-9,13
23f5797c-6c5d-4b56-a930-2c3e63673db3,Data Scientist,West,Finance,2024-06-17,157578,"Python, Azure, SQL, Tableau",89,50,39,10
b559d47b-aa3c-4c73-a926-5a67cb0c6b0d,Data Scientist,Northeast,Manufacturing,2020-09-26,168008,"Tableau, Excel, Python, AWS",91,48,43,5
d4d4867a-5eea-4a4a-89b3-161675a1d217,Data Analyst,West,Finance,2022-12-18,101467,"Tableau, Machine Learning, AWS",61,33,28,38
45768a13-5efd-404a-952c-94b33c288955,Data Analyst,Northeast,Tech,2020-02-18,72627,"Node.js, AWS, Machine Learning, Leadership, React, SQL",45,62,-17,24
2f9615b5-7440-4a44-9d6f-c697455c66be,Data Scientist,Midwest,Manufacturing,2022-05-31,126913,"Leadership, Spark, Azure, Tableau",53,33,20,48
4792d296-e3a9-4069-a908-83ee5d899377,Data Analyst,West,Tech,2022-04-20,97391,"GCP, Tableau, Kubernetes, Leadership, Azure, Deep Learning",55,47,8,6
67f7347f-1e23-49f5-8721-bd616321d2c4,Product Manager,West,Manufacturing,2023-10-05,173146,"Kubernetes, Tableau, Node.js",54,70,-16,43
34bcdb36-5368-4b33-aac8-11fd3d2a4ec0,Machine Learning Engineer,West,Healthcare,2024-06-17,160719,"Deep Learning, Azure, Kubernetes, Excel, Machine Learning, Docker",52,77,-25,41
0784cbb3-74fc-407d-bb19-6004bfe7eb1e,Product Manager,South,Manufacturing,2025-09-14,116074,"React, Communication, GCP, Leadership, Azure, Node.js",89,80,9,43
47a0f970-1b80-4d3b-87c3-48d5717e0e6b,Cloud Architect,West,Tech,2020-12-22,152237,"GCP, Azure, AWS",94,31,63,27
1701c980-d2af-4be9-b5c1-efa2d930b0e9,Machine Learning Engineer,Midwest,Healthcare,2022-12-04,139158,"Python, Spark, Leadership, Excel",40,93,-53,46
294ed634-6cd1-4f37-83a1-dec82c6143cb,Business Analyst,Northeast,Tech,2025-10-30,79945,"Node.js, Azure, Docker, Tableau",50,86,-36,6
7101febe-32b2-47d0-9b40-7f200d3b3e11,HR Manager,West,Finance,2025-03-23,93727,"Machine Learning, Kubernetes, AWS",69,88,-19,13
e3d0287e-302b-41e4-83dd-66f97300bfdb,Data Scientist,South,Healthcare,2020-07-30,138626,"Leadership, Python, AWS, React, Excel",49,82,-33,21
eaba8f34-242c-4d86-beff-41d7123fbec4,Cloud Architect,West,Healthcare,2020-05-12,187988,"React, Leadership, Docker",50,81,-31,33
79c9f8dc-b67b-4eb1-b831-6ed90e05971a,Data Analyst,South,Manufacturing,2024-03-25,78960,"Communication, Node.js, Docker, Python, Kubernetes",97,39,58,12
863d9ac2-134d-4186-8fe2-aa296b9a07f9,Cloud Architect,Northeast,Finance,2020-07-24,152133,"Communication, Python, GCP",64,66,-2,24
348547fa-35c1-4ec6-9dc0-d02085668e56,Business Analyst,West,Tech,2022-10-13,91411,"AWS, Leadership, Python, Deep Learning",74,85,-11,26
2cec25d7-09b9-4071-82a6-a01084a62857,Data Analyst,Midwest,Manufacturing,2025-12-03,69867,"Kubernetes, Machine Learning, Communication, Azure, Node.js",71,56,15,41
7c808f3b-ce14-4208-bf65-b016764624e1,Software Engineer,Northeast,Retail,2024-07-18,120203,"Tableau, Machine Learning, Spark, Python, SQL, Kubernetes",69,79,-10,43
d46d78f6-cbc0-4d69-86ff-720414178349,DevOps Engineer,South,Finance,2024-11-02,123318,"SQL, Leadership, Node.js",46,38,8,31
9706dc64-6598-47df-ac12-50213394a4a3,Product Manager,South,Retail,2020-06-04,118725,"Node.js, Tableau, Spark",94,69,25,11
69cb878c-184b-4c89-ae7b-015135bc5d6d,Software Engineer,West,Manufacturing,2024-02-20,151710,"Node.js, Leadership, Python, Azure, Kubernetes",95,37,58,20
d8bf1533-8483-45bc-a798-1926c5b089f0,Data Analyst,South,Retail,2021-09-21,75860,"Azure, Deep Learning, Tableau, GCP",87,95,-8,19
f57627b4-674a-43be-9f33-672e6a95d8d7,Product Manager,Midwest,Tech,2024-02-02,107312,"SQL, Node.js, Kubernetes, Azure, Leadership",78,95,-17,34
114a7f2a-65d1-44b4-80c3-f584df7ccf5c,DevOps Engineer,Northeast,Tech,2021-04-28,125569,"Machine Learning, SQL, Azure, Kubernetes",92,32,60,13
57202274-ee1c-418d-a7e1-87b161ecb3cf,Data Analyst,Midwest,Retail,2023-12-04,79263,"SQL, Kubernetes, Machine Learning, Excel, Tableau, Docker",45,40,5,46
e4c4e325-5b88-4ac1-ba22-8e7e87fb63be,Data Scientist,Midwest,Healthcare,2022-07-08,137891,"Kubernetes, Docker, Leadership",48,30,18,42
5d21627f-f2a4-4534-a153-1970b0be6512,Data Engineer,Northeast,Manufacturing,2020-07-23,151160,"Leadership, Communication, Spark, Node.js, Kubernetes",73,95,-22,43
48a457fe-c293-43a6-80eb-c5bbbcbcf490,DevOps Engineer,West,Retail,2020-08-10,142530,"Leadership, Kubernetes, SQL, Excel, Node.js",44,33,11,5
c9bc3b14-973f-43b4-ba1c-2350ee0b5434,Cloud Architect,Midwest,Finance,2021-05-21,128825,"AWS, Python, GCP, SQL",55,49,6,22
2f77aa30-26a3-4e75-b575-d1f280b63c85,Data Analyst,South,Finance,2024-03-16,84435,"Leadership, Communication, Spark, Machine Learning",70,86,-16,50
a80b8e31-7df0-434e-a9c0-3217c489e1ed,Data Scientist,South,Manufacturing,2025-03-17,127094,"Tableau, Node.js, SQL, Kubernetes, Excel",73,45,28,47
48e56899-1e68-469c-abcb-d404ab500558,Data Analyst,South,Retail,2021-01-01,69018,"Azure, Spark, SQL, Leadership, Node.js, Excel",73,39,34,23
db0a044d-8d67-44e1-90dd-dd1d4cd4499c,Business Analyst,West,Tech,2024-03-20,90346,"Tableau, React, Spark, Kubernetes, Node.js, Excel",83,34,49,23
89bc238e-5180-4168-905b-0cadae1d380a,DevOps Engineer,Northeast,Tech,2025-01-26,151756,"Communication, React, GCP, Docker, Leadership, Spark",47,85,-38,28
731416cd-b0f4-411f-9349-8f231dfc5296,HR Manager,Northeast,Finance,2021-06-02,117423,"Azure, Tableau, Kubernetes, Deep Learning, GCP, Docker",90,93,-3,22
d08b9b55-0cf6-455a-bb08-2594ddbda0fb,Data Engineer,Northeast,Finance,2025-11-28,143757,"SQL, Python, Leadership, Node.js, Excel",94,75,19,22
290a0bf3-cd92-4055-9918-4e6d05e21b65,Software Engineer,Northeast,Retail,2022-12-03,134452,"Kubernetes, Deep Learning, Azure, Python, Node.js",67,79,-12,26
eab972cf-4c79-4654-9d22-f4226324d669,Product Manager,Midwest,Tech,2020-03-08,135107,"Tableau, Node.js, Python",79,38,41,25
0f15164c-8751-4c0b-9e20-cc30c46877a5,Business Analyst,Northeast,Healthcare,2025-07-30,99701,"GCP, Communication, Node.js, Excel",92,79,13,21
5fc108ce-ba78-49b4-b673-37f8d954db66,Data Engineer,West,Manufacturing,2022-07-21,163853,"Python, Leadership, Tableau, AWS, Docker, Excel",92,48,44,7
897f5755-2caa-4f68-a3bc-26a9e1dde6af,Data Analyst,South,Healthcare,2021-04-04,77873,"Tableau, Kubernetes, AWS, Spark, Machine Learning, Leadership",74,92,-18,22
29139e82-08e4-43f1-acce-94c5b7ce0fe7,Machine Learning Engineer,Northeast,Finance,2020-01-23,135045,"Azure, Communication, AWS",57,81,-24,30
d13cc91c-b216-417d-ad05-8145638ed374,HR Manager,South,Tech,2023-03-06,80115,"SQL, Deep Learning, GCP",91,83,8,20
18a91724-dd62-44e8-807c-c886cc900f03,Product Manager,Midwest,Finance,2024-04-19,130364,"Machine Learning, Spark, Python, Excel",99,72,27,45
1f3acf8f-908a-44d4-9253-b136a79713c3,Cloud Architect,Northeast,Manufacturing,2021-05-15,143341,"Leadership, Python, Kubernetes",66,80,-14,37
297ca67d-f909-4db7-b440-768704418ca8,Product Manager,Midwest,Tech,2021-12-05,130033,"SQL, Python, React",67,53,14,14
3714c237-b913-49ca-a1b6-0d2c577d4f50,Business Analyst,West,Finance,2020-04-09,85788,"Docker, Kubernetes, Excel, Communication, Spark",62,30,32,21
e265dbf2-4d63-40f1-801a-3a0e649e2183,Business Analyst,Northeast,Healthcare,2024-06-29,79385,"Communication, Tableau, React, Leadership",65,77,-12,19
6bb14701-cb14-4cc4-b2db-4e9d46c8066c,Business Analyst,Midwest,Manufacturing,2020-03-13,85140,"Excel, Python, Node.js, Docker, Machine Learning",75,63,12,26
3597e696-b294-422d-9892-e67c8b840061,Data Engineer,Midwest,Tech,2021-05-12,126221,"Machine Learning, Python, Tableau",74,56,18,28
c036b3f7-5858-482b-a9d2-3b7d6ba68d6a,Data Engineer,Midwest,Healthcare,2024-11-10,103519,"SQL, Azure, Node.js, Excel",84,50,34,22
2e993f81-efc7-47fe-8c0a-52197e21999a,Business Analyst,West,Healthcare,2020-01-03,80016,"Tableau, GCP, AWS",96,83,13,9
55747df1-cfc2-423c-8191-4a4a223249d2,Product Manager,Midwest,Retail,2024-04-01,111740,"Leadership, React, Tableau, Deep Learning, Communication, GCP",89,33,56,42
e4f4757f-0d51-4be8-a291-29b01fb6eb86,Machine Learning Engineer,West,Manufacturing,2024-01-31,171854,"AWS, Node.js, Machine Learning, Communication, Deep Learning",79,84,-5,32
64e3e012-3724-4cac-89c3-cf5df456006d,DevOps Engineer,West,Manufacturing,2023-12-05,148591,"Machine Learning, Docker, GCP, Excel",88,57,31,8
5154e505-ebfc-44e8-838e-b64e39d59a43,Product Manager,Midwest,Finance,2025-06-10,129966,"Machine Learning, Docker, Node.js, SQL",84,33,51,28
281abd61-925f-404f-ad52-7dcefa106f95,Software Engineer,West,Finance,2024-06-29,148963,"Excel, Communication, Machine Learning, Python, SQL",65,70,-5,9
2125d78f-c646-43c9-a4da-f915e976dbcc,Product Manager,Northeast,Tech,2023-12-02,124329,"React, SQL, Python, AWS",44,61,-17,50
ac82f1ac-b7d4-4b99-b692-b03bcc707c44,Machine Learning Engineer,West,Manufacturing,2020-02-20,175643,"Excel, Leadership, Azure, Docker, Node.js, AWS",64,54,10,9
1f0b363b-79db-4bd7-bf28-4208aca9810b,HR Manager,Northeast,Healthcare,2025-05-17,87147,"SQL, GCP, Communication, AWS, Deep Learning, Python",54,33,21,39
f66803b0-f1b8-4762-abae-9b5f52ee2189,Data Scientist,Northeast,Finance,2020-03-04,149092,"GCP, Python, Tableau, Docker, Node.js, SQL",58,76,-18,10
26c8665d-458a-4209-9ce2-f9df6c4279de,Data Analyst,South,Manufacturing,2024-12-07,76957,"GCP, Docker, Communication, Azure",92,70,22,31
c0d8382e-0b70-4c5c-8b4a-ddc438fb3950,Software Engineer,West,Healthcare,2020-08-17,130036,"Machine Learning, SQL, AWS, Python, Docker, GCP",60,64,-4,44
4b5d41a2-39e7-48e8-bd4b-aac88d793097,Data Analyst,Northeast,Finance,2022-06-13,81610,"Leadership, React, Deep Learning, Azure, Kubernetes",59,76,-17,31
36c402ec-a880-47ba-9759-a45675ff85e5,Product Manager,Northeast,Manufacturing,2021-03-20,131332,"Node.js, Tableau, SQL, Leadership, Kubernetes",82,42,40,49
0c6d6de1-f8d0-49fe-aa06-4184f9c691a4,Business Analyst,Midwest,Finance,2025-04-29,71907,"AWS, Machine Learning, Docker, Communication",66,83,-17,20
fdfe5cc1-1c69-4336-8324-8acaab6b7955,Software Engineer,Northeast,Retail,2022-03-28,143250,"GCP, SQL, Kubernetes, Tableau",98,56,42,48
780a0074-6660-47fd-8ff2-5e6b5ed0fd73,Machine Learning Engineer,Midwest,Healthcare,2024-09-30,148590,"GCP, Node.js, SQL, Excel, Docker",86,95,-9,44
7eabf026-8161-4701-b087-dfae92ac0778,Data Engineer,South,Finance,2020-05-10,122404,"Spark, Excel, React, Machine Learning, Deep Learning, AWS",62,74,-12,13
0a4fb042-bae2-4f4b-aa7b-d166a933a148,Data Engineer,Midwest,Healthcare,2020-07-19,101186,"GCP, Excel, Node.js, AWS",42,80,-38,30
b9e7d8eb-10af-41cf-8954-2781b851d7a1,DevOps Engineer,Midwest,Finance,2021-04-09,96866,"Docker, Excel, React, Node.js",46,77,-31,32
ca4a8a28-2389-4ef9-a8d5-b4712289c868,Data Scientist,West,Manufacturing,2025-06-12,170152,"SQL, Machine Learning, GCP, Python, AWS, Docker",71,81,-10,12
848b2d88-3a13-48f2-bc36-85c92da51a05,DevOps Engineer,Northeast,Finance,2020-03-09,129792,"Spark, Azure, Deep Learning, Python, Excel, GCP",92,85,7,41
0f6ced66-eae8-4b8f-85f4-90d4f808628f,Data Analyst,South,Manufacturing,2023-04-23,65021,"Spark, Azure, AWS, Machine Learning, GCP",91,53,38,23
e415b6ce-e0ce-4a0c-9462-9e97fa5e38a9,Data Scientist,South,Healthcare,2023-02-28,144550,"Tableau, React, Machine Learning, Docker, Communication",62,37,25,43
351ce99e-a463-43e4-8760-db2b60c2fa95,Business Analyst,South,Tech,2025-02-03,77099,"Machine Learning, Deep Learning, Tableau",90,42,48,47
15d6d007-ab5d-40d5-a720-71e4d0ca3b81,Data Engineer,Northeast,Healthcare,2021-11-11,139770,"SQL, React, Node.js, Machine Learning",75,78,-3,11
ff2efc73-b8f7-4dc8-aa8c-ad8f5a4a6801,Software Engineer,West,Tech,2021-05-07,177926,"Leadership, Docker, Deep Learning, Node.js, Kubernetes, AWS",51,68,-17,38
50648bdb-f9c8-4b25-8dca-88f8125829dc,Product Manager,Northeast,Finance,2023-10-06,169685,"React, Azure, Python, AWS, Docker",55,84,-29,25
0c51d8f8-b8d7-4de1-aa40-42e742a66e38,Data Engineer,Northeast,Tech,2021-04-28,138012,"Excel, Node.js, Leadership",60,57,3,31
49d9b9e9-6d5e-4710-b978-b810c83038b3,Machine Learning Engineer,Midwest,Tech,2020-06-01,132532,"Node.js, Excel, Deep Learning, React, Spark",42,45,-3,12
0a173fa2-0f2d-4a55-a4ac-bd47527e0878,Data Scientist,West,Manufacturing,2020-07-22,186539,"SQL, Excel, Leadership, Docker",42,87,-45,5
290919f8-d0fb-42f9-a296-c1d6dab2f5c1,Data Analyst,West,Finance,2020-03-09,102040,"Docker, GCP, Spark",41,61,-20,37
7f9fde1c-9cd0-479f-a99e-31aeb7c46bb9,DevOps Engineer,West,Tech,2021-06-23,134044,"Kubernetes, Deep Learning, Node.js, Azure",47,82,-35,48
af4c4179-eac8-44aa-82fd-bbb39d625de6,Machine Learning Engineer,South,Manufacturing,2025-05-01,168849,"Leadership, Kubernetes, SQL, React, Spark, Node.js",87,71,16,39
f107cd1f-5e93-4a8f-afa8-2ff681229c83,Data Engineer,Northeast,Tech,2024-04-27,143783,"Communication, GCP, Kubernetes, Spark",89,86,3,25
c8357312-bef3-4d71-8894-a5a9a79ebade,Software Engineer,West,Finance,2021-04-11,175373,"Deep Learning, Docker, Spark, Kubernetes",84,70,14,42
4c975761-aad9-4f68-b512-e18f5aee6577,Business Analyst,South,Healthcare,2021-05-19,78527,"Kubernetes, Leadership, Communication, Machine Learning, Spark",40,67,-27,17
01989219-4adc-4c57-8634-4b1fdab8c552,Product Manager,Northeast,Finance,2020-08-02,157141,"Python, Docker, Azure, Spark",43,75,-32,10
4dc06778-3bc5-4564-b8b0-ac4af54e3a5a,Cloud Architect,Midwest,Retail,2023-01-25,135234,"Excel, Python, Azure, GCP, Deep Learning",73,37,36,46
74765a3d-3900-4f8d-8104-8b0843668d3d,Product Manager,South,Manufacturing,2022-06-02,141618,"SQL, React, Deep Learning, Node.js, GCP",51,91,-40,49
93b83dd2-4f7c-4535-917e-df78d8c5d85c,Data Scientist,Midwest,Retail,2025-11-10,135161,"Docker, GCP, Kubernetes, Deep Learning, Node.js, Spark",57,78,-21,39
548a3fe5-5bd7-42e8-b6b9-1bb5c872fe46,HR Manager,Northeast,Tech,2023-05-29,110423,"Kubernetes, AWS, Machine Learning, Communication, React",82,32,50,42
c791998e-7c66-493f-adeb-e648cdfeabd5,Cloud Architect,South,Retail,2025-02-01,157630,"Communication, Azure, Docker, Python, Spark",75,94,-19,47
5bfda4f7-4ff0-4940-818b-4d14d1daf025,Software Engineer,South,Healthcare,2020-06-29,141865,"GCP, Machine Learning, Excel",67,89,-22,32
ffec2dfd-8090-4a55-b260-e618ee970bf5,Software Engineer,Northeast,Finance,2023-04-09,151483,"GCP, Spark, Tableau, Node.js",40,49,-9,43
e4a8964c-9c45-4b48-9c2c-866987d25e25,HR Manager,West,Healthcare,2023-08-30,115969,"Communication, Kubernetes, Spark, Tableau, Azure",79,55,24,34
8fc612ce-c7d9-4f08-af21-c528657b0c09,Machine Learning Engineer,Midwest,Tech,2023-12-30,123415,"Leadership, Docker, Python",44,55,-11,8
78d14170-b7d8-4c82-ae61-640d49c682f3,DevOps Engineer,Northeast,Finance,2021-05-21,137390,"Communication, SQL, GCP, Tableau",85,88,-3,18
f44d85b4-a4e5-43af-a25a-61dca649e07d,HR Manager,Northeast,Finance,2024-03-26,95288,"Deep Learning, Communication, SQL",44,93,-49,43
7f2373c5-d647-4a1f-adc1-8485b248a1b3,Software Engineer,South,Retail,2021-03-10,142383,"Node.js, Kubernetes, Excel, Machine Learning, Azure",64,61,3,50
b2708cd3-ef72-4e1d-aca3-585374530fbf,Data Scientist,Northeast,Tech,2020-12-21,154114,"Spark, Leadership, Node.js, Kubernetes, Azure",55,45,10,27
17989828-ad9c-4281-81ef-12ddb6bb1d22,HR Manager,South,Manufacturing,2025-01-04,97316,"Azure, Python, Tableau, AWS, Spark",80,49,31,25
9b6246fa-a357-428a-ab73-c85eed2adc5e,Business Analyst,South,Manufacturing,2023-01-19,78751,"Tableau, Leadership, Machine Learning, Docker",48,70,-22,23
8e99d28b-7422-4b65-828d-3a2fdc7e6d97,Cloud Architect,Northeast,Retail,2023-02-21,156666,"React, GCP, Python, AWS, Spark, Azure",97,53,44,9
2e33ca48-c531-42fa-88d4-1517db00ee27,HR Manager,South,Finance,2020-11-08,104818,"Spark, SQL, AWS, Leadership, React, Azure",47,45,2,40
e59ae709-d05e-438f-97bf-a73b9c7cb32b,Machine Learning Engineer,West,Finance,2022-02-01,152212,"SQL, Node.js, Spark, Leadership, Python, React",91,54,37,24
76bf4b79-1123-45b4-a237-efe123bb8ec2,DevOps Engineer,West,Retail,2021-06-19,169378,"Leadership, React, Kubernetes, SQL, Docker",71,54,17,47
6ed47804-3638-4e5d-aece-2a20ee5c7699,Business Analyst,South,Manufacturing,2021-06-22,84539,"Azure, Communication, Deep Learning, Machine Learning, GCP",74,71,3,43
8db85d7d-2fb8-4ece-963f-49e1b83cce57,Machine Learning Engineer,West,Retail,2023-01-15,173324,"GCP, Excel, SQL",45,35,10,43
48a4304b-0763-4042-acb0-5dce32b38139,Data Scientist,Northeast,Manufacturing,2022-12-25,166055,"Python, Node.js, Spark",56,71,-15,11
91a75d81-9661-40a0-a433-410aa599cfe0,Software Engineer,Northeast,Tech,2022-12-31,120311,"React, Machine Learning, Deep Learning, GCP, SQL",99,47,52,33
2124137b-cb80-4c9f-b563-b743337dfd78,Machine Learning Engineer,Midwest,Finance,2020-05-18,138799,"Node.js, Machine Learning, React, Spark",82,47,35,50
ebc35bcd-0a6b-4cf5-bd79-5989606ed55f,Product Manager,Northeast,Finance,2022-02-13,166624,"Excel, Python, Leadership, Spark, React",84,90,-6,18
6071cb8c-3d44-4e92-9b3d-47d314c6e3ad,HR Manager,Midwest,Healthcare,2023-04-28,83186,"Excel, React, Communication, Kubernetes",81,72,9,48
dd45500d-8e99-4f9b-b603-853dfa5b0068,Data Analyst,West,Manufacturing,2024-05-08,85963,"Spark, Deep Learning, Leadership, AWS, GCP",78,74,4,34
759c79af-099c-4c57-9d14-9f68beaf86eb,Business Analyst,West,Healthcare,2021-03-11,103377,"Communication, Leadership, React",45,59,-14,34
ee44e104-0c00-4942-8bc3-802219081506,Business Analyst,Northeast,Finance,2022-04-15,87995,"React, GCP, Docker",57,77,-20,30
75dce1b5-6dce-4f4c-a324-218266dd0689,HR Manager,Northeast,Tech,2021-08-30,95056,"Spark, Kubernetes, Tableau, Azure",90,69,21,16
0a1610c3-7ba8-4f90-bde2-7ad56e64b2be,Cloud Architect,West,Retail,2024-12-12,163314,"Excel, Deep Learning, Communication, Node.js, SQL",87,74,13,8
f33c361d-dfe8-4142-aaea-c4a02f5950b1,HR Manager,South,Retail,2022-07-30,102399,"AWS, Excel, React, Deep Learning, Machine Learning, Docker",89,72,17,19
26d23e44-34d0-4a34-87fa-411ace6b561c,DevOps Engineer,Midwest,Tech,2023-09-29,107176,"SQL, Spark, Machine Learning, Azure, AWS",63,60,3,48
6eb1d69a-bbcb-4d12-ac23-546a3ee71ffc,HR Manager,West,Manufacturing,2023-08-18,129844,"Kubernetes, SQL, Leadership, Python, Node.js",93,48,45,43
f312ee7a-107e-4f50-bf5d-6d0e57bfb749,Machine Learning Engineer,West,Manufacturing,2022-11-08,151244,"Deep Learning, Azure, SQL",92,89,3,11
7e036182-44d2-4d9a-9ef4-b7549663d92c,Cloud Architect,West,Healthcare,2021-07-19,202220,"AWS, Docker, SQL, Azure",74,72,2,22
e0059307-3ca3-4c98-8209-8eacfab93bd2,Data Analyst,South,Tech,2023-04-21,83665,"Azure, Docker, Communication, Machine Learning",62,78,-16,6
a2b7d222-04e5-4108-b11b-b0c9a1bb939c,Cloud Architect,Northeast,Tech,2025-06-04,160351,"Tableau, Leadership, Deep Learning, Spark",43,52,-9,45
6ef84882-a011-4702-bc26-cf8d53e85c11,Business Analyst,West,Finance,2023-03-17,86438,"Excel, Spark, SQL, GCP, Azure, Kubernetes",59,43,16,6
644402dd-19b7-47fe-9683-a943a070097a,Data Scientist,South,Retail,2024-02-16,155633,"Kubernetes, Spark, Excel, Azure",75,67,8,25
2756f866-71bb-4b35-a52f-8923a92c8e2e,Data Engineer,West,Manufacturing,2025-10-25,134128,"Spark, Docker, GCP",69,80,-11,26
64351060-c5c5-4025-aa4a-92b5225a7ffe,Business Analyst,West,Manufacturing,2021-02-02,109386,"Kubernetes, Deep Learning, Node.js, Python, Leadership, Machine Learning",62,46,16,33
5c8b412d-f459-44f1-b4af-3e69e00d23ef,Machine Learning Engineer,Northeast,Healthcare,2020-12-31,171916,"GCP, Communication, Python, Leadership, Excel, AWS",57,53,4,27
56587e86-2cfb-4318-8f68-b830d6ffb123,Cloud Architect,Northeast,Manufacturing,2021-12-19,170469,"Docker, Machine Learning, Python, AWS, Spark, React",73,35,38,39
86fbc34b-7b38-4712-96e4-cc454747e1ce,Data Analyst,South,Retail,2022-12-09,85941,"Communication, Spark, Docker, Deep Learning, Python",87,43,44,19
151925be-0156-43b4-bdb5-c2f75a47a68a,Data Engineer,Midwest,Manufacturing,2022-07-14,107305,"Machine Learning, Azure, Tableau, GCP, Node.js, Spark",41,66,-25,46
ead1b6c6-864d-4024-a307-455f2f4372a4,DevOps Engineer,South,Finance,2025-02-12,126636,"Leadership, SQL, Deep Learning, Machine Learning, React",94,83,11,37
922a0965-c985-4f4b-aaec-fcabc66e9e32,Machine Learning Engineer,Northeast,Retail,2023-01-17,140469,"Tableau, Docker, Python",74,92,-18,15
e369b646-b645-4929-83f7-20fd169221a7,Cloud Architect,Midwest,Finance,2020-10-09,123786,"Excel, GCP, React",90,38,52,15
676aca3e-8e38-4216-8820-6574b3452ab6,Product Manager,South,Retail,2021-07-12,127918,"SQL, AWS, Tableau, GCP, Spark, Node.js",80,53,27,33
c9835aa7-7d02-4574-aa02-427f42da1d4a,Machine Learning Engineer,Northeast,Tech,2025-10-04,141599,"Deep Learning, Python, Communication, Tableau, Spark",91,48,43,43
ccac06e9-bc5a-4cf6-a4ee-2b962af58ca4,DevOps Engineer,South,Finance,2023-05-15,124976,"Excel, AWS, GCP, Kubernetes",66,74,-8,48
c092bedb-3733-4d0f-9102-69bc337b31b0,Machine Learning Engineer,South,Retail,2024-09-20,147831,"Leadership, AWS, Node.js",62,58,4,11
59ca20ad-d091-40bc-bd1f-09179358359c,Business Analyst,Midwest,Manufacturing,2020-10-06,81130,"Deep Learning, Python, Docker",55,68,-13,41
ca439cca-5b9f-46a4-9d6b-5446e4f14a4b,DevOps Engineer,South,Finance,2020-12-18,133053,"Spark, Leadership, Kubernetes",70,87,-17,46
38aaf251-fe45-4a8d-abab-152bed4a1f4e,DevOps Engineer,Northeast,Manufacturing,2024-09-16,135160,"Communication, Excel, Spark",95,86,9,20
4a4fea76-e02e-442a-a86a-34fac7755d4a,DevOps Engineer,Midwest,Tech,2020-06-14,117180,"Spark, Docker, Tableau, Communication, Kubernetes",58,54,4,29
58758458-43f9-469f-8e7d-7abdcfc484d3,HR Manager,South,Tech,2020-11-26,101755,"Excel, Python, React",68,62,6,35
20b4a7b1-d40e-439b-8903-d645daf647b9,DevOps Engineer,West,Finance,2023-04-09,122509,"React, Azure, SQL, GCP",64,34,30,39
741b5ae5-b92c-4c45-8043-eafda3870b11,Data Analyst,Midwest,Retail,2021-06-25,71261,"AWS, Deep Learning, Communication, GCP",76,76,0,15
987d7aa1-3a78-4f1e-9dae-3d4a6eac6722,HR Manager,West,Finance,2024-07-08,128849,"Docker, Leadership, Kubernetes",100,75,25,37
bb7c6623-75ab-4fc5-ba40-032461fd981c,Product Manager,South,Finance,2024-09-18,139910,"Machine Learning, Azure, GCP, Python, Kubernetes",61,40,21,35
95a40861-30e1-49cc-b643-814ab0694f00,Data Engineer,Midwest,Finance,2023-06-30,112561,"Tableau, Spark, Deep Learning, Kubernetes",93,54,39,17
fb3f18d6-80ff-48ca-959a-ed67182661e1,HR Manager,Midwest,Retail,2020-11-28,90606,"Machine Learning, Deep Learning, Spark, GCP, Azure, Kubernetes",90,58,32,39
628a35d4-63f1-4fe2-9dad-db3f69eec7c0,Cloud Architect,Midwest,Healthcare,2021-12-13,147186,"Communication, GCP, Docker, React, Machine Learning",93,58,35,37
798d1e9d-1490-4e15-955b-76aa50b96d9f,Cloud Architect,Midwest,Manufacturing,2022-09-02,158528,"React, Docker, Tableau, Deep Learning",74,95,-21,36
968b53ea-5c8c-4d82-8d3e-73d7c3de0e3e,Business Analyst,West,Manufacturing,2021-01-05,90826,"Leadership, Docker, Tableau",77,81,-4,12
f9ecea64-cf06-4301-9833-a74f0cc67d00,DevOps Engineer,South,Healthcare,2024-09-22,137425,"Spark, Docker, Machine Learning, Python",66,52,14,21
ea887e4e-4bfb-4451-a17b-226e7c632d0d,Product Manager,Northeast,Retail,2025-01-10,159758,"Node.js, Leadership, AWS, Kubernetes, Python",76,85,-9,13
64a8ff02-9b33-48be-a80b-18ff6ab016d5,Cloud Architect,West,Finance,2023-05-11,185394,"Machine Learning, Tableau, Deep Learning",86,35,51,48
57d2f158-ed6b-48cb-b663-54c9276a7fbd,Product Manager,West,Healthcare,2024-10-31,184545,"AWS, GCP, Node.js",61,48,13,24
d734cf9a-5c6c-42d1-862e-6db2a6dbf4dc,HR Manager,South,Retail,2024-05-20,99744,"Kubernetes, Excel, Docker, Communication, Python, React",66,94,-28,11
f17b55ab-d772-4ee4-9922-aac9bab4ae8a,Business Analyst,Midwest,Finance,2022-10-23,80888,"Leadership, Azure, Node.js",58,80,-22,37
7ce26b8f-58fa-4f9e-bb1f-d12db3740582,DevOps Engineer,Midwest,Manufacturing,2021-01-13,121330,"Excel, Node.js, Docker, Deep Learning, AWS, Kubernetes",50,77,-27,18
1df34d46-437c-4ffa-96f4-5789cc55861a,Cloud Architect,Northeast,Manufacturing,2021-01-06,142307,"AWS, Tableau, Python, Deep Learning",49,88,-39,31
aca06978-fc85-4852-9676-56117714ccf1,Machine Learning Engineer,Midwest,Tech,2021-08-09,140886,"GCP, Leadership, SQL, Excel",57,62,-5,32
b32b3819-f9a9-45bd-8055-e645bf06e6cd,DevOps Engineer,South,Manufacturing,2022-05-29,124453,"Excel, SQL, Docker, Leadership, Azure, Machine Learning",65,57,8,42
76a40aa4-4a71-433e-b5dc-b3a93598a61b,Data Scientist,Midwest,Tech,2023-09-24,128295,"SQL, Excel, Leadership, Tableau, Node.js",52,44,8,31
51b24342-236e-47dc-9cce-0cc614f463cc,HR Manager,West,Manufacturing,2023-03-07,125248,"Docker, Leadership, Tableau, Machine Learning",50,90,-40,28
0883a09a-c8e9-4464-975d-2e394252fc18,Data Analyst,Northeast,Retail,2020-12-18,89799,"AWS, Communication, Spark",40,49,-9,5
56770d10-09ba-4c03-918a-ab75a81d734e,HR Manager,Midwest,Retail,2025-11-27,71618,"React, Tableau, Machine Learning, Communication",55,90,-35,8
5fe8036d-55d7-4a83-a7b4-aa50b0213889,Data Engineer,Northeast,Healthcare,2023-04-24,166487,"Node.js, Docker, Spark, Leadership, React",91,78,13,28
d1881854-fd65-43c1-b286-cf6528fca2e8,DevOps Engineer,West,Tech,2021-03-23,128577,"Kubernetes, GCP, Azure, SQL, Excel, Python",77,95,-18,11
57dc598f-c2a7-4ab5-a90e-bd6ce0b81f87,DevOps Engineer,South,Retail,2024-09-01,133066,"React, Tableau, GCP",51,86,-35,22
b9bfb183-9285-40b2-8bfc-1036f084642d,Data Engineer,West,Finance,2022-05-19,140921,"Excel, Communication, React, Azure, Kubernetes",95,63,32,46
fb659a0d-4658-43e0-a15b-6ab109634613,Business Analyst,Midwest,Healthcare,2024-11-14,72772,"Docker, GCP, Tableau",93,46,47,22
66f78e7e-644d-4942-a213-c8ac2ee1893d,Data Scientist,South,Healthcare,2022-12-11,142600,"GCP, Tableau, Leadership",55,55,0,25
2500b49c-318f-4a15-83d3-25a7650669d3,HR Manager,West,Manufacturing,2023-05-01,104823,"Docker, React, Python",81,54,27,24
62dffd3e-2f1d-4cef-b3d8-6cf915473062,Cloud Architect,Midwest,Retail,2022-02-13,156406,"Tableau, GCP, Leadership, Kubernetes",79,72,7,6
b75866a1-0395-43fa-a776-4fd1014efd5d,Machine Learning Engineer,Midwest,Tech,2022-08-13,119856,"React, Docker, Leadership, Spark, Machine Learning, Communication",94,41,53,37
f720ba64-3134-4933-a53a-67e4b28177af,Machine Learning Engineer,Northeast,Tech,2024-03-04,166993,"Docker, Spark, React, AWS, Python",96,72,24,22
11804f90-a1fb-42ce-b3e0-208fe147b982,Business Analyst,West,Healthcare,2024-03-19,86312,"Docker, Spark, GCP",70,71,-1,50
c3dc24eb-e4ee-4d33-978e-cddc3528d13b,Business Analyst,Northeast,Healthcare,2022-12-27,81368,"Docker, React, Leadership, Kubernetes",91,68,23,37
fef214be-322b-4e6d-91cf-669f5e070a27,Data Engineer,Midwest,Retail,2021-03-15,123756,"Node.js, Excel, React, Python",82,95,-13,31
7e221cba-348e-4d82-9e12-1cc6f1cf7067,HR Manager,West,Finance,2022-01-09,129563,"SQL, Python, AWS, Kubernetes, React",81,38,43,49
501966b0-5514-4f15-891e-b3ffddbe3ef1,Machine Learning Engineer,Northeast,Manufacturing,2021-09-06,157548,"Spark, Leadership, React, Node.js, Python",59,44,15,48
95f8c152-1cbe-46fd-a109-a1b15aa3b363,Data Analyst,Midwest,Finance,2022-02-05,62739,"Tableau, Communication, Spark, SQL, Kubernetes, Azure",64,86,-22,17
1d80e879-5fe6-4f19-a2a0-feec6c852288,Machine Learning Engineer,South,Healthcare,2025-05-22,151659,"Deep Learning, Azure, Kubernetes, Python, Machine Learning",74,40,34,50
23d118ee-8e1d-4a0e-8a1c-e1ba1db03cc6,Machine Learning Engineer,Midwest,Healthcare,2023-05-18,146856,"GCP, Machine Learning, Communication, Deep Learning, Excel, Spark",86,77,9,18
e14b3b86-dbb7-4b76-8f98-f59d90aaea73,Data Engineer,Midwest,Retail,2022-07-13,123890,"AWS, Docker, React, Excel, Kubernetes",50,36,14,42
9e54d14c-479f-41d7-a583-2f8cc6bbefe7,HR Manager,West,Finance,2023-09-22,94657,"Azure, Spark, Deep Learning",58,67,-9,42
9784cf83-48b1-4601-abb8-6b8c0aaf6150,Data Analyst,Northeast,Manufacturing,2023-02-20,72443,"GCP, Excel, AWS, Python",78,71,7,39
0f3cc88d-38a2-4a3e-826b-b83314a0ccd3,Data Scientist,South,Finance,2020-12-20,118466,"Tableau, Python, Deep Learning, Leadership, Node.js",83,94,-11,31
8115e68b-292a-418b-abf4-3528b585230c,Data Scientist,Midwest,Healthcare,2024-07-16,120400,"Excel, Leadership, Node.js, Deep Learning, GCP",64,84,-20,43
f6e262f2-ab27-458a-a17b-a27c398fcff8,Data Analyst,Northeast,Tech,2022-11-26,91838,"Kubernetes, SQL, AWS, React, Spark, Node.js",59,38,21,43
6438ae23-8f62-4353-8a61-b76f6c005e35,Cloud Architect,Northeast,Healthcare,2023-02-14,159849,"Python, Spark, AWS, Azure, SQL",80,77,3,35
84387ad9-1c36-4c86-81bc-378af727bf5a,Machine Learning Engineer,Northeast,Healthcare,2020-01-25,173360,"GCP, SQL, Leadership, Excel, Kubernetes, AWS",55,72,-17,26
97639540-8879-44bb-a443-2e475765339c,Product Manager,West,Tech,2023-01-20,145053,"Kubernetes, Leadership, Azure, Docker, Python",84,52,32,34
3e4c351e-a6f0-4e13-ac7e-2bd525cbaffc,Data Engineer,South,Finance,2024-04-02,124211,"SQL, Tableau, React, Communication",46,93,-47,41
c3b9ee57-6b51-4b38-ba88-3fb0f9b22c20,Software Engineer,South,Finance,2023-06-19,142549,"Excel, Docker, React, Machine Learning, Node.js, Spark",83,59,24,39
b7b7fe50-c7f4-42fb-925b-f75321f753fc,Data Analyst,Northeast,Tech,2021-07-16,80544,"Spark, AWS, Kubernetes, Deep Learning, Communication",88,95,-7,5
3e107979-1413-4763-af38-c14ef1c8cbca,Product Manager,West,Finance,2024-10-04,149217,"Spark, Leadership, AWS, React",47,83,-36,25
7bed9445-0bf7-4f05-ae08-e247c05b6c86,DevOps Engineer,Northeast,Retail,2025-08-19,131760,"Azure, Docker, Leadership",53,70,-17,48
d5d86e5a-9587-4943-bea5-5dd7061d1f0b,Machine Learning Engineer,Midwest,Retail,2022-10-08,126508,"Docker, Azure, React, Kubernetes",67,47,20,6
08d8c40a-064f-469c-a853-8472c686a992,Software Engineer,South,Retail,2021-03-14,128415,"Deep Learning, Kubernetes, Node.js, Docker, Python",94,46,48,50
e6809484-3c7d-4cc6-b33a-22c68ebf2634,Machine Learning Engineer,South,Finance,2025-02-12,146142,"AWS, Node.js, SQL, Docker",54,66,-12,31
a8cdeda5-64dc-4290-9154-7eff649889f8,Machine Learning Engineer,Midwest,Retail,2022-08-19,115683,"Communication, Spark, Python, Docker",40,47,-7,41
1a56450c-b441-44f1-96bf-e3da932cc1a8,DevOps Engineer,Midwest,Retail,2022-02-07,113941,"AWS, Spark, Kubernetes",79,31,48,9
cef21736-3162-4e70-9dbc-ce4ddf3abb0c,Data Analyst,Midwest,Manufacturing,2020-01-19,76951,"Leadership, Communication, Python, Excel, Node.js, Docker",82,55,27,16
809a4489-0c75-41fb-81a9-9dcc7da71c9a,Business Analyst,Midwest,Retail,2025-10-21,65485,"Spark, Docker, Leadership, Communication, Tableau, GCP",47,34,13,20
d0435236-a87f-41f4-8ecc-8ccf6c84939c,Business Analyst,South,Manufacturing,2024-09-20,94916,"Machine Learning, GCP, Tableau",49,76,-27,18
62b726b8-ff79-4d8c-985c-89bd63e30657,HR Manager,South,Healthcare,2023-12-30,80089,"Docker, Deep Learning, Excel, Node.js",87,33,54,36
5a2428ec-f1ae-4826-9607-90a949f6efb4,DevOps Engineer,South,Healthcare,2021-01-14,111640,"Docker, Excel, AWS, React, SQL",57,90,-33,21
0de60712-f5b8-496b-a4df-cab05ecc4e41,Data Engineer,South,Manufacturing,2022-01-06,112626,"Machine Learning, Communication, AWS",51,40,11,27
fc51b528-ae68-4b61-9edb-3af0239151cd,Cloud Architect,South,Manufacturing,2021-05-24,169660,"Azure, Tableau, Leadership",95,30,65,40
654dcaa7-2899-4cb9-a096-5dae2787c332,Machine Learning Engineer,Midwest,Retail,2020-08-14,115635,"Deep Learning, Node.js, Machine Learning, React",63,73,-10,38
8ca6b282-c353-4c51-83d4-006b2c7f27fa,Business Analyst,West,Healthcare,2024-03-15,83478,"Python, Tableau, Node.js, Leadership",50,35,15,31
03223efb-747b-493b-b7a2-a0d8a114d0ae,DevOps Engineer,South,Manufacturing,2025-06-24,139997,"React, Docker, Leadership",88,71,17,46
94569d0d-2e13-44ef-a282-4d1c3d4cf152,Business Analyst,South,Manufacturing,2025-05-01,82099,"AWS, SQL, Node.js",40,72,-32,15
50a231d3-68b7-4c99-98d3-542b092fe7db,Machine Learning Engineer,West,Healthcare,2024-07-14,204615,"Deep Learning, Communication, Spark, Tableau, Docker",80,64,16,44
2e4958ee-8cfa-46f6-9af6-ecde449a1db9,Software Engineer,Northeast,Manufacturing,2024-02-16,111879,"Communication, GCP, React, Docker",71,52,19,29
debbd0fd-284d-414d-b688-59f92a771df8,HR Manager,Midwest,Finance,2022-01-20,82180,"Excel, Node.js, Leadership, SQL, AWS",68,43,25,39
ebf6a8cd-2ca1-4f98-b195-5d0ee3c0af9e,Machine Learning Engineer,South,Tech,2022-03-15,125139,"Kubernetes, SQL, AWS, Leadership, Communication, Deep Learning",64,35,29,6
64bd2f06-1cf3-463f-8363-d2b22ce612b3,Cloud Architect,Midwest,Tech,2020-10-18,143909,"Spark, GCP, Tableau",70,36,34,7
e896f36a-a626-4bbb-9d54-5d632ea0b88d,Machine Learning Engineer,Northeast,Healthcare,2022-09-18,175877,"Azure, Node.js, Docker, Machine Learning",51,61,-10,46
9f5a9a27-d95f-444e-b7fb-6efb3d5e6703,HR Manager,Midwest,Healthcare,2023-04-25,98217,"Node.js, Machine Learning, Deep Learning",78,94,-16,44
5eee146e-e3e2-48ba-8251-a9314ed79962,Software Engineer,South,Healthcare,2025-01-16,130678,"Docker, Leadership, AWS, Node.js, SQL, Machine Learning",43,93,-50,12
7dd04379-a1be-4d8c-9100-fb76146b2b5f,Machine Learning Engineer,Midwest,Healthcare,2021-07-07,127322,"Communication, Machine Learning, AWS, Deep Learning, Excel, React",67,60,7,36
06097937-e138-4c3a-8507-5b14b93d2241,Software Engineer,West,Finance,2022-12-31,147046,"React, Docker, Spark, Azure, GCP, Communication",100,39,61,33
f4ae0aca-0318-4519-a6f2-0791b6b4cb6d,Data Engineer,Northeast,Tech,2022-10-23,137292,"Communication, AWS, Node.js, Python, GCP",70,56,14,21
ba1df522-54a9-420b-a7d7-cb1c0cc2bc64,Machine Learning Engineer,Northeast,Finance,2022-05-14,157292,"Spark, Docker, Python, Kubernetes, Deep Learning",52,47,5,12
277ecb01-3341-4050-98cd-31006f4c4438,Cloud Architect,West,Healthcare,2021-08-28,192847,"Spark, Excel, Leadership, Node.js, Communication",64,83,-19,23
3ea72032-8ffb-4837-ac73-356ad3e8b009,HR Manager,Northeast,Healthcare,2024-09-20,94100,"Machine Learning, Tableau, AWS, SQL, Excel",100,73,27,50
149bf5a3-29e4-4e97-9248-d32e3f66db87,Data Scientist,Midwest,Tech,2025-02-26,131769,"Tableau, Docker, React, Kubernetes",59,53,6,11
b6b2ae90-bf18-47b4-9831-23a8276f6644,Software Engineer,Midwest,Tech,2024-07-27,99794,"Leadership, Python, Communication",94,77,17,16
d76fee00-1763-41f6-867b-f089a3152ee8,Data Analyst,West,Healthcare,2020-04-08,77090,"Deep Learning, Communication, SQL",58,83,-25,45
e15364a6-795a-4891-989f-0adbfbed2b04,Data Scientist,South,Tech,2023-02-24,133861,"SQL, Python, React, Azure, AWS, Kubernetes",43,84,-41,31
ff0ebfaf-0e7b-4ea0-9ace-cbd87847804a,Machine Learning Engineer,Northeast,Finance,2024-08-30,167956,"AWS, React, Communication",47,92,-45,37
8e9dfc29-8f21-4990-944c-e7384c62b18f,Data Analyst,South,Manufacturing,2020-08-07,76496,"AWS, Spark, Excel, Tableau",66,95,-29,45
2f949577-0249-4839-9daf-4e212e2ccb11,Software Engineer,Northeast,Tech,2022-01-08,126713,"Communication, Leadership, GCP",50,48,2,45
d63487dd-6198-40c4-bb1e-b5d628c80a7b,Data Scientist,South,Tech,2025-03-13,129090,"SQL, Azure, Python",79,82,-3,10
6017580d-f0a9-4c32-915f-7013047bd60a,HR Manager,Northeast,Healthcare,2020-02-01,98332,"Tableau, Python, Machine Learning",99,53,46,11
ea5cf9f7-e2e4-4c2b-ae81-fbcd9fe6e3b2,Cloud Architect,South,Finance,2020-10-08,169679,"Kubernetes, AWS, Communication, React, GCP, Python",60,88,-28,7
6464a301-5589-42a2-90af-0b91c237c47a,HR Manager,West,Finance,2023-12-01,124382,"React, Machine Learning, Communication, Docker, Python",61,35,26,8
1ddcc75e-8e94-4f85-ab20-8d5fea377c0b,Product Manager,Midwest,Retail,2024-12-09,109320,"Azure, AWS, Deep Learning, Communication, Machine Learning, Leadership",70,65,5,48
3f88ba0b-591b-4158-a479-ede9d9f52088,Data Scientist,Midwest,Retail,2025-08-17,126158,"Machine Learning, Node.js, Spark",88,84,4,13
463a311a-6c40-43c0-b2d5-58a70d779783,Machine Learning Engineer,Midwest,Finance,2021-06-09,150325,"Azure, GCP, Machine Learning, Node.js, React, Kubernetes",44,37,7,38
1539905e-a4b9-4094-995f-bc0217e2557e,Data Analyst,Northeast,Manufacturing,2023-11-16,98095,"SQL, Python, Tableau, Communication, Spark",51,80,-29,9
1b212ec1-1744-4245-bad1-d790de38cb0f,DevOps Engineer,Northeast,Finance,2021-11-12,128398,"AWS, Azure, Node.js, Excel, SQL",68,78,-10,28
9dd078a9-4ba3-4b8f-9885-2c7f9e61914d,Machine Learning Engineer,South,Finance,2024-07-10,126107,"Docker, SQL, Tableau",99,62,37,26
18527dfe-c0fd-4c4b-9ddb-87804247dc9e,Data Analyst,West,Healthcare,2023-07-26,93108,"Node.js, Machine Learning, GCP, Azure",56,40,16,18
2d6658b9-7956-4b82-a947-b9ff45192111,Product Manager,South,Healthcare,2021-02-14,130344,"Node.js, SQL, Communication, Python, Deep Learning, Machine Learning",64,33,31,9
25db48a7-c2c9-4474-8d1f-6a473fada27c,DevOps Engineer,West,Manufacturing,2021-07-07,161790,"Leadership, Kubernetes, Communication, Docker",55,89,-34,43
28929f66-829f-4a48-9e6c-f087ad2a1f5d,Data Engineer,Northeast,Retail,2021-11-20,127078,"GCP, Node.js, Leadership, Kubernetes, Tableau, Machine Learning",80,69,11,12
086642ff-9506-4357-9095-47b10a10eec5,Data Engineer,West,Healthcare,2020-07-10,155928,"React, Deep Learning, Kubernetes, GCP, Docker",82,54,28,47
b7dcf897-bb88-48de-b6bc-e5e444e48535,Machine Learning Engineer,West,Manufacturing,2023-02-15,155394,"AWS, Tableau, React, Deep Learning, SQL, Communication",44,32,12,33
4f868730-423e-4efd-8435-b4d244960282,Data Analyst,South,Retail,2021-07-26,67036,"GCP, Tableau, Azure",76,32,44,28
5272a09c-3a89-4a5c-a1e7-2be1da779a1a,Data Engineer,Midwest,Retail,2023-10-09,135010,"AWS, Excel, Communication, Tableau",98,61,37,12
928208f7-45bf-4084-8bed-540a828e012f,Data Engineer,Midwest,Finance,2020-01-06,132913,"Node.js, AWS, Deep Learning",91,68,23,24
5eaac7e1-92f4-410f-a2a3-9be9dcd9d327,Software Engineer,Northeast,Retail,2020-04-12,144487,"Kubernetes, Leadership, Machine Learning, SQL",41,62,-21,5
03801640-bf0d-4b57-96ef-d26202bd4f5e,Machine Learning Engineer,Midwest,Healthcare,2022-10-06,127964,"Deep Learning, AWS, Docker, Kubernetes, GCP",41,80,-39,7
222a1c64-9a9a-4a44-b67d-3e79e2078a27,Data Analyst,West,Healthcare,2022-07-28,103910,"SQL, Communication, AWS, Python, GCP",73,51,22,26
8c60bde6-6b18-46a6-83c6-029577eade3a,Product Manager,South,Retail,2024-10-31,125169,"React, Leadership, Tableau, SQL, Deep Learning",55,38,17,27
a2d0a727-671e-4c40-a187-046cecf13c33,Data Analyst,West,Tech,2023-07-22,87243,"GCP, Deep Learning, Machine Learning",80,49,31,27
774f9c80-24a3-4ed8-90da-dc6ca488f45b,HR Manager,South,Finance,2025-10-27,92010,"AWS, Communication, SQL, GCP",43,69,-26,29
1727af4f-d7de-4547-bb0a-fbfd967f50f9,Machine Learning Engineer,South,Finance,2024-09-10,152305,"Docker, Spark, Kubernetes",45,81,-36,22
a96e1f3d-1068-44b5-9506-c7ea4d25c554,DevOps Engineer,Midwest,Retail,2022-02-20,119232,"Spark, GCP, Deep Learning, Tableau",47,71,-24,46
729802c2-1df6-45ba-b613-7b86eb1358ee,HR Manager,West,Healthcare,2021-02-07,125221,"Machine Learning, React, Excel, Python",87,80,7,27
5d857af5-0ce9-462c-a451-d1659bd0d65c,Software Engineer,South,Finance,2024-05-11,105075,"Spark, Azure, Tableau, Docker",72,95,-23,26
aea3063f-f4c4-4e4b-aa42-c9d33640a825,Business Analyst,Northeast,Finance,2020-01-07,77774,"Tableau, Node.js, AWS, Communication, Leadership, Spark",100,60,40,39
c8542e60-9771-4f79-ad13-04f6db21c7da,Software Engineer,South,Healthcare,2023-03-09,109286,"Spark, Communication, Excel, Docker",79,85,-6,48
86c128d1-5765-4796-acef-447377be3b9b,Data Scientist,Northeast,Manufacturing,2025-08-24,176854,"Deep Learning, SQL, Excel",56,80,-24,36
46b4bbe9-d150-4790-8be9-7ec9c37c09ac,Data Scientist,West,Tech,2023-10-31,143942,"AWS, Node.js, Deep Learning, Kubernetes, Leadership",43,80,-37,8
f19085b7-64d2-4dca-b18f-dc1549827464,DevOps Engineer,Northeast,Finance,2021-04-19,124669,"Node.js, SQL, Docker, AWS",41,75,-34,15
5daf9a07-b37d-407f-be74-c0101021fbcc,Business Analyst,South,Manufacturing,2024-01-23,81697,"Docker, Machine Learning, SQL, Communication, Spark, GCP",75,47,28,47
0a61e9da-45f3-407d-933b-4746002e232d,Business Analyst,Northeast,Healthcare,2024-11-24,98585,"Python, Docker, GCP, Leadership, Machine Learning, Tableau",78,72,6,28
78c744d0-abe7-4872-9136-c5e25298588e,HR Manager,Midwest,Tech,2023-03-31,87416,"Spark, AWS, Excel, Docker",90,75,15,16
ac5f26ff-6867-42d4-9501-5cd230a96ef8,DevOps Engineer,West,Retail,2021-11-15,139755,"Python, GCP, Tableau",45,34,11,34
a4b8da68-1c16-4151-ae8e-6d9d4ab50420,Machine Learning Engineer,Northeast,Healthcare,2020-12-23,153456,"Communication, Kubernetes, Machine Learning",43,61,-18,26
0d643182-0890-4d36-a701-0af86e6fafff,Cloud Architect,Midwest,Manufacturing,2023-07-28,146522,"Python, Node.js, Spark",70,67,3,26
c84cb834-e7fc-4832-9074-508de882f5b2,Business Analyst,West,Retail,2023-07-22,80551,"Excel, Spark, Tableau",54,31,23,7
72e66283-efac-4fc7-9631-489736403472,Business Analyst,South,Finance,2024-06-16,88561,"Kubernetes, Excel, AWS, Leadership",66,78,-12,42
c7259f04-ded5-40d2-aa6a-18afc1800e72,DevOps Engineer,West,Tech,2021-02-27,142346,"Azure, Leadership, SQL",95,70,25,33
cf25a56e-8d28-47ac-94a5-b6079bcb33ce,Software Engineer,South,Finance,2024-08-31,142530,"Leadership, Azure, Spark",63,92,-29,21
b237ab41-ea66-4c0d-9cb3-1f4cf9652ee8,HR Manager,South,Healthcare,2020-12-23,77730,"Python, SQL, Communication, Docker, AWS",96,63,33,40
eb2c920a-4051-40a3-b21e-d17c39b4662d,DevOps Engineer,West,Healthcare,2021-08-23,131859,"Azure, Docker, Spark",47,34,13,10
907c5deb-3ab7-441a-97a7-94dca339c407,Data Engineer,Midwest,Manufacturing,2022-08-18,109150,"AWS, Azure, Machine Learning, Node.js, Leadership",72,64,8,50
86a55cd3-2d35-4e32-b923-dc801987caf1,HR Manager,South,Finance,2020-06-19,81374,"Python, Spark, GCP, Deep Learning, React, Communication",61,73,-12,29
4dbc1a5f-5e27-4383-b61f-96fb3ac27fa7,Data Analyst,South,Retail,2023-11-04,72017,"Python, Deep Learning, React, Excel, Spark",88,69,19,49
3cc9271f-2774-45a1-90aa-9c24121180bc,Software Engineer,South,Retail,2022-01-24,110996,"React, Communication, SQL, Node.js, Deep Learning, Docker",87,84,3,18
629ed593-9067-4940-b88a-e17cf372c950,Business Analyst,Midwest,Tech,2022-07-14,66894,"React, SQL, Tableau",65,59,6,35
478a2297-380d-4d3c-98ef-f0e638e74e6f,Data Engineer,Northeast,Finance,2023-03-20,151988,"SQL, AWS, Tableau, GCP, Spark",82,64,18,47
7a5ca0a5-345a-4ea9-be5a-04271f6aa95b,Business Analyst,South,Healthcare,2024-11-08,73354,"Python, Leadership, SQL, React, Node.js",69,58,11,37
96f50b24-780b-4a00-8a38-67e696daf2b6,Data Scientist,Midwest,Retail,2023-12-14,145693,"Kubernetes, Tableau, Excel",70,39,31,39
310b13b2-70db-4faf-8768-3b7091bc1d09,Data Analyst,West,Healthcare,2024-01-13,75590,"React, Leadership, AWS",92,85,7,7
5ac9999a-415e-4b66-b40f-a732cad5a0de,Data Engineer,Northeast,Manufacturing,2025-11-04,131157,"Communication, Kubernetes, Tableau",55,40,15,37
92d45714-f322-4c34-ad89-bf1e0ed6b550,Data Scientist,Midwest,Manufacturing,2023-08-13,119881,"Machine Learning, Tableau, Deep Learning",85,95,-10,36
fb1c271b-1f7d-4ef5-b0cf-0cadd57e73ee,Machine Learning Engineer,South,Tech,2020-12-29,158420,"AWS, Tableau, Spark, Docker",78,89,-11,14
d08a5170-f3be-417f-94b1-8b583d037dc5,DevOps Engineer,West,Manufacturing,2023-03-03,138603,"Deep Learning, SQL, Leadership, Azure",61,76,-15,47
d5541b81-4474-4d6e-ac9a-0af0c0030667,HR Manager,Midwest,Tech,2023-03-15,84137,"Python, Docker, React, Excel, Spark, GCP",90,31,59,7
db6a5c28-b925-44a7-ac26-acec48a0906d,Cloud Architect,Northeast,Retail,2021-09-01,157492,"Tableau, Python, Deep Learning, Excel",96,94,2,22
e3069a39-8d57-4e0f-898b-dd5f80658784,Cloud Architect,Midwest,Finance,2020-09-23,125690,"GCP, Machine Learning, SQL, Spark",88,93,-5,40
b12eec06-cacb-4131-b394-4cc5fd4e9bd8,Machine Learning Engineer,West,Healthcare,2022-09-24,193108,"Tableau, Excel, Node.js, Docker, Communication",82,49,33,46
53f54764-f37c-4c8d-b784-0748efb27a94,Machine Learning Engineer,West,Finance,2021-08-07,181301,"Node.js, React, AWS",50,82,-32,13
590e3bcd-7c61-4a71-a49b-ce69e21fce5b,Machine Learning Engineer,South,Tech,2025-04-17,162317,"Azure, Docker, Node.js, Kubernetes, GCP, SQL",80,62,18,27
31b01cd5-0154-454d-bc41-39e0ab9e8c92,DevOps Engineer,South,Manufacturing,2021-06-07,125856,"Tableau, Machine Learning, Excel, Spark, Communication",47,79,-32,9
31a2803f-7f66-4f7d-849a-f86fd9d3e2f9,Data Analyst,South,Manufacturing,2023-09-21,77867,"Deep Learning, Excel, Python, SQL, Kubernetes",46,53,-7,21
6d295ead-854d-4e9f-b9f4-449f1d665575,Cloud Architect,Midwest,Healthcare,2024-02-25,136846,"Leadership, Tableau, Excel, Python, Deep Learning",95,33,62,10
93abc82e-7dba-41b5-a64d-0695f8cae4bc,Data Analyst,Midwest,Finance,2020-08-28,78146,"Excel, GCP, Communication",95,84,11,39
3d2f10d3-9086-4372-8dbd-f6e534b72e53,Business Analyst,Midwest,Tech,2023-01-24,87457,"Kubernetes, Node.js, Communication",99,74,25,49
9e30deff-29ac-41b7-a445-b9e518395de3,Business Analyst,Northeast,Manufacturing,2025-08-16,76325,"Deep Learning, Node.js, Kubernetes, Docker",58,46,12,28
068a672d-699b-43ad-8697-d9ff0bf4f184,Software Engineer,Midwest,Healthcare,2025-04-14,126561,"GCP, Machine Learning, Leadership, SQL",60,65,-5,27
91887702-df11-4e4d-98bb-86bf2b5574d3,Business Analyst,Midwest,Finance,2025-02-24,70871,"Excel, Tableau, Leadership",86,46,40,49
44d70340-86fe-4fd0-a3e5-b3389c8a7e8a,Data Analyst,South,Finance,2023-03-30,68743,"AWS, Python, Azure, Leadership, Machine Learning",90,52,38,36
d184f620-7c0d-40ae-aa1b-0f93311da3e8,Software Engineer,West,Finance,2025-07-10,157273,"Excel, SQL, Communication, Tableau, Machine Learning",65,55,10,32
cba8bcaf-8e20-4ef3-a570-d6415e0dd18a,DevOps Engineer,Northeast,Tech,2022-08-01,118559,"Docker, Node.js, Kubernetes, Deep Learning, Leadership",83,60,23,32
78a544fd-827f-4b40-a0ea-47e082b29355,Product Manager,Midwest,Tech,2023-05-17,112850,"Spark, SQL, Kubernetes, Leadership",72,77,-5,32
1350afc3-cb5a-4c4d-b79f-786e7346c444,Business Analyst,Northeast,Manufacturing,2020-11-22,101687,"SQL, Deep Learning, Excel, Spark, Python",49,82,-33,33
4d2353fa-f11b-4fd4-bce7-47ef6439aff7,Data Analyst,South,Manufacturing,2021-10-03,84757,"Node.js, Python, Communication, SQL, Deep Learning, AWS",93,60,33,49
f98af320-c38c-4a27-9bf0-11ddf12a8153,DevOps Engineer,Northeast,Healthcare,2025-03-14,129037,"Python, AWS, GCP, Communication, SQL, Deep Learning",91,90,1,45
8c8eb483-f08d-41f5-8dda-d111985d7b54,Data Analyst,Northeast,Finance,2022-06-27,85875,"Communication, Python, GCP, Leadership, React",76,48,28,25
1fefacfa-2858-4343-aa55-34f5f4aa03ed,Cloud Architect,Midwest,Healthcare,2020-12-20,134158,"Tableau, GCP, Azure, Python, SQL",48,65,-17,7
e819f54f-c57d-48d2-82f4-63c8809c10f4,DevOps Engineer,South,Retail,2022-04-18,116155,"Python, Deep Learning, Azure, Kubernetes, React, Communication",92,91,1,10
d05530c2-ca11-4266-bc5c-944dd11f7972,HR Manager,South,Healthcare,2025-01-21,99758,"Node.js, Docker, React",49,49,0,35
4c956e33-98ad-45d3-b777-170efbd90f20,Data Analyst,Northeast,Healthcare,2020-01-18,88532,"Azure, SQL, Communication, React, Node.js",55,85,-30,19
3633f656-72ca-4f74-88d8-1a41592dd3ba,Business Analyst,Midwest,Tech,2023-12-19,68071,"Machine Learning, Spark, Python, Azure, Kubernetes",60,51,9,16
ca34b3db-8277-469b-af1f-082dcd07c41a,Software Engineer,Midwest,Finance,2022-11-27,131952,"Docker, SQL, Deep Learning, Communication, Tableau, Kubernetes",87,57,30,27
6346a1b9-647b-4797-9729-7373c03d01fc,Cloud Architect,West,Tech,2022-12-28,177590,"Machine Learning, React, Spark, Tableau",85,58,27,21
279954db-ef3c-4f1b-8f21-8befff23c99d,Data Analyst,West,Retail,2022-11-01,103559,"Python, GCP, Docker, Communication, Excel",46,30,16,37
37631e13-1eb6-4fc7-a6c8-4452ebd84a32,Cloud Architect,Northeast,Tech,2022-12-20,177472,"Spark, SQL, Python, Tableau, Communication",55,82,-27,10
85611298-6c91-4ff4-8e78-9a1f7d23655e,Data Analyst,South,Manufacturing,2023-04-05,87601,"Tableau, Communication, SQL, Docker",89,43,46,36
aee0a2e9-c9c5-4846-958b-ddc99b04f2c9,Machine Learning Engineer,West,Healthcare,2024-01-15,204571,"GCP, Leadership, Docker",97,76,21,34
659a6fd7-a213-4dcb-9fa5-1190f7f42cf1,DevOps Engineer,Northeast,Tech,2024-09-01,139315,"Communication, Leadership, Spark, Docker",69,92,-23,8
45160e2b-6c99-487c-b713-13564f7edb17,Business Analyst,Midwest,Finance,2020-10-03,66170,"AWS, Docker, Communication",80,38,42,50
b5510108-518d-43d4-981a-56fabe7a6b01,Cloud Architect,Midwest,Retail,2024-06-21,125597,"GCP, Machine Learning, Excel, React, Tableau",84,69,15,14
60bb0f27-6013-477c-8126-34ee1ad31b2a,DevOps Engineer,South,Manufacturing,2020-07-27,101255,"Deep Learning, React, Node.js, Spark",99,73,26,49
ad791ba9-ab03-4d5d-9b24-f56b9bbe7605,Cloud Architect,Midwest,Finance,2024-11-03,126681,"Kubernetes, Machine Learning, GCP",48,64,-16,43
487ef812-aab6-4760-98d3-03de2f76e36b,Cloud Architect,Midwest,Manufacturing,2021-12-08,130349,"Deep Learning, Excel, Kubernetes",49,45,4,38
c5fa834d-ccf7-498b-a211-6a809d97e8bc,Machine Learning Engineer,West,Manufacturing,2025-02-02,197292,"AWS, Python, Communication",57,59,-2,39
337859dc-7544-448b-88b9-67bc075deab7,Business Analyst,Northeast,Finance,2020-08-16,80707,"GCP, Communication, Kubernetes, SQL, Node.js, Docker",52,34,18,5
6ae8ccae-7ae3-4265-9e0a-ccc31d1201ca,Software Engineer,West,Retail,2023-09-26,176515,"AWS, Communication, Docker",88,90,-2,27
6ba3fd0c-136e-4798-b4e6-c4ab4d81a762,Machine Learning Engineer,Midwest,Manufacturing,2020-04-29,125447,"Leadership, Machine Learning, Kubernetes, Docker",61,59,2,36
cfde6aed-8ce0-4409-a6ea-375284a49772,Product Manager,West,Tech,2021-05-15,176695,"Spark, Python, Kubernetes",70,68,2,29
e94ee1c3-ae0c-4262-9371-4ca1a45055a0,Data Engineer,Midwest,Tech,2022-07-30,108722,"Docker, GCP, React, SQL, Leadership",82,43,39,23
9ed430e9-fea6-4b6b-ae73-e2a2958f823e,Data Scientist,Midwest,Tech,2021-07-13,122331,"Node.js, Machine Learning, React, Leadership, Spark",69,67,2,39
f56b0710-f1d8-4c92-a96f-661a18a77fae,Data Analyst,Northeast,Retail,2025-09-27,89786,"GCP, Communication, Tableau, Deep Learning",83,35,48,40
1a18bbaf-1735-4e68-9223-02b6b0b136e7,Machine Learning Engineer,South,Retail,2020-12-16,132566,"Node.js, Python, GCP, React, Communication",96,83,13,30
bd869faa-3fbc-4ea3-b244-57452b5f4a16,Cloud Architect,South,Healthcare,2021-01-11,148880,"Kubernetes, React, Node.js, AWS, Python",85,62,23,36
8e483221-defa-4a3f-95d5-29ccf1cc6905,Data Scientist,Northeast,Tech,2024-04-05,141172,"GCP, Docker, AWS, Leadership, Node.js",81,30,51,32
b9cb3af7-3183-43cc-aa45-17a53ac083ed,HR Manager,Midwest,Tech,2022-02-18,95357,"Azure, React, Node.js, Docker",76,78,-2,19
76d5f05f-9af4-442e-b2ba-96be2cb9c99e,Software Engineer,Midwest,Manufacturing,2021-01-01,132251,"Spark, React, Communication, SQL, Azure",95,79,16,15
26b60d3f-79c3-46c5-81ce-8d74d05c7c74,Business Analyst,Northeast,Manufacturing,2021-11-10,97898,"Docker, Spark, Communication",51,84,-33,25
fd427a58-7d37-46f8-bac5-84ac1d0f4de1,Machine Learning Engineer,South,Finance,2020-10-22,135937,"Communication, Excel, Deep Learning",48,55,-7,47
2a1575c8-a761-4ad5-8150-ad48b6f638c8,Software Engineer,South,Manufacturing,2023-10-28,128848,"Communication, AWS, Python, Deep Learning, Tableau",60,86,-26,34
9f0bb52d-0f47-43da-b316-9060f324766c,Data Analyst,West,Manufacturing,2024-10-25,88359,"Kubernetes, Communication, React, SQL",63,41,22,15
b401d626-c6e5-4e6c-9e3b-701a1daba946,Machine Learning Engineer,South,Tech,2022-12-14,131532,"Spark, Deep Learning, Python",94,59,35,46
86a4d7d3-e783-472b-937e-e564d13d5ad2,Machine Learning Engineer,South,Tech,2020-07-14,152245,"SQL, Deep Learning, Docker, Machine Learning, GCP, Node.js",69,66,3,31
43f45baf-a9d7-4375-98fc-1670f62a565a,Data Scientist,Northeast,Retail,2020-09-16,157828,"Spark, Deep Learning, Kubernetes, SQL, Node.js",100,92,8,13
441c14dd-a0c7-45db-a344-fce688d994d1,Data Engineer,Northeast,Finance,2024-05-24,139546,"Docker, Python, AWS, React, Kubernetes",52,63,-11,5
899579d7-5088-4daf-8896-a6da0247327c,Data Analyst,Northeast,Tech,2021-06-20,79371,"SQL, Tableau, Leadership, Kubernetes, Docker, AWS",64,86,-22,25
c05dc013-689d-4f77-80ac-c76a2f5e6228,Machine Learning Engineer,South,Manufacturing,2021-02-26,155184,"Tableau, React, Excel, Machine Learning, Deep Learning",83,34,49,45
2086000f-a25b-4088-99c3-3da5fa4c759c,Product Manager,Midwest,Retail,2024-10-21,124650,"Deep Learning, Tableau, Docker, React, Spark, Azure",91,51,40,16
01438871-c879-4ffd-bd14-9d28f60b94da,Data Scientist,West,Retail,2022-05-23,145196,"SQL, Kubernetes, Leadership",68,49,19,45
a1fa3bbe-bf10-4f8e-8a6b-54ab6bd3cb41,Machine Learning Engineer,South,Manufacturing,2021-05-27,144835,"Excel, Python, Docker, Spark, SQL, GCP",84,51,33,36
d07fb7ae-b17a-4c91-aab3-31beb89284d6,Data Engineer,Midwest,Finance,2025-12-15,108115,"GCP, Machine Learning, Excel, AWS, Kubernetes, Spark",59,68,-9,12
d7a72ec7-8c5d-4026-b090-a6126fb2a111,Software Engineer,South,Manufacturing,2023-01-16,143166,"Docker, AWS, Kubernetes",78,48,30,34
6e64a586-c0ef-4f03-8b08-bf40768b9b07,Data Analyst,West,Finance,2025-04-21,105812,"Python, Spark, Tableau, GCP",81,85,-4,33
d3057718-a3c0-4eb8-b704-7bbec65a6c91,Data Analyst,Midwest,Tech,2021-07-21,73296,"Tableau, Docker, React",68,93,-25,48
a8bb5312-b32b-4f58-8baf-51de9f924abb,Data Analyst,South,Healthcare,2021-12-12,69592,"React, Leadership, AWS, GCP, Excel, Spark",43,60,-17,44
54aff69c-a2c1-4a45-b7b8-927b1000a2d3,Product Manager,Midwest,Retail,2024-06-15,118440,"SQL, AWS, Communication, GCP",48,72,-24,5
9d5145c4-7b82-4178-80d1-b2e4760974d5,Data Analyst,West,Finance,2022-12-28,90682,"Node.js, React, Excel, Docker",50,47,3,22
9f746075-e18a-4624-a6b6-5a251d390b55,Data Engineer,Northeast,Manufacturing,2020-04-01,128747,"Excel, React, Python, Node.js",89,51,38,16
247951ac-0a52-48c3-80f7-b339366a5821,Software Engineer,Midwest,Healthcare,2024-04-06,114167,"AWS, Azure, GCP",75,81,-6,21
ef8a8a33-1cb0-4d18-855f-fee0446dd10a,DevOps Engineer,South,Tech,2021-03-05,129858,"Machine Learning, Kubernetes, GCP, React, Leadership",86,55,31,17
6ad920d0-77cf-4b58-b008-3d395ff628bc,Cloud Architect,West,Retail,2024-10-27,173427,"Docker, SQL, Node.js, Python, Leadership",76,41,35,43
a5242b5a-a1ed-4d26-9341-a5e0079c5ae7,HR Manager,Northeast,Tech,2020-02-22,85083,"GCP, Docker, Tableau, Spark, Machine Learning",86,43,43,8
a1499f6b-ed6c-41ae-99c1-d916ddcff7be,Business Analyst,West,Retail,2021-05-30,89472,"GCP, Docker, Tableau, Spark, Communication",66,48,18,5
94180e32-72fe-4b20-bdfe-d6918ca44c63,Data Scientist,West,Finance,2021-04-06,170645,"Node.js, Azure, Tableau, Kubernetes, React",83,51,32,31
44466b5b-8277-4d31-bc09-b46a053da24c,Cloud Architect,West,Healthcare,2022-04-24,206137,"Python, Excel, React, GCP",95,68,27,45
d08bd235-9463-49b3-9fea-7eccc454d603,HR Manager,Midwest,Retail,2021-11-02,89425,"Node.js, Deep Learning, AWS, Tableau, Machine Learning, Kubernetes",98,77,21,29
66dafdd5-87fa-4105-a7e7-8338e3f04c21,Product Manager,Midwest,Retail,2022-04-07,137976,"Leadership, Node.js, Machine Learning, Python",53,59,-6,22
83ebf54c-8ba9-4fbe-b1c0-07e571bb0c91,Data Scientist,South,Manufacturing,2025-04-02,151283,"Spark, GCP, AWS, Azure",98,45,53,50
fcf52379-c86e-4ee8-989d-c16de17a9229,Machine Learning Engineer,Midwest,Finance,2022-02-21,130661,"React, Deep Learning, Spark, Machine Learning",50,32,18,18
f43f8a24-6232-485d-b299-53118983fa3e,Product Manager,Northeast,Healthcare,2025-04-24,133561,"Docker, Excel, Spark, Azure, Kubernetes",55,61,-6,32
f4e5ee69-3a9c-4d2d-93ff-8293764997b2,DevOps Engineer,South,Manufacturing,2024-04-15,120305,"Node.js, AWS, Communication",55,72,-17,25
14c6392d-9f7e-4496-b093-9c3ec85a9fc2,Machine Learning Engineer,Midwest,Manufacturing,2024-05-06,136047,"Python, Deep Learning, Tableau, AWS",89,73,16,18
fda3c1be-5ca0-48ee-8912-700d5ee8b256,Machine Learning Engineer,Midwest,Tech,2024-07-21,129960,"Python, Spark, SQL",76,59,17,23
296fa1bb-df39-4c60-a060-fcc539feed9f,Data Analyst,South,Tech,2021-06-05,89235,"AWS, Spark, Machine Learning",48,33,15,27
b9bda71e-4115-4336-86c6-f2e7e18f74ea,Software Engineer,Northeast,Tech,2025-10-31,118672,"Python, Communication, Azure, Kubernetes, Node.js, Machine Learning",93,37,56,38
495c64cd-5365-4b43-b648-dfb615ec77d5,Data Scientist,West,Manufacturing,2024-11-13,187246,"AWS, Docker, Kubernetes, SQL, Deep Learning, Communication",81,68,13,33
06d88fbd-6026-47c8-a14f-58808d1930bf,Business Analyst,South,Finance,2022-01-19,72159,"Kubernetes, GCP, Docker, SQL, React, Machine Learning",73,31,42,6
ffd9775e-13b0-490d-b3bf-26242cdb6382,DevOps Engineer,Midwest,Manufacturing,2020-03-06,104861,"Deep Learning, Kubernetes, React, GCP, Leadership, Spark",52,40,12,14
9c110783-a32a-47c7-bc4a-1e7af4664acd,Software Engineer,West,Tech,2020-03-15,167957,"Leadership, Tableau, Excel, Node.js",66,33,33,25
5b43f08f-136c-4135-9432-5b9eaaec27ec,DevOps Engineer,West,Manufacturing,2025-02-13,144967,"Communication, Machine Learning, Docker, Tableau, AWS",65,81,-16,31
4ff54e6d-34f3-45f3-885d-b7f9d2c8e181,DevOps Engineer,West,Finance,2022-04-25,132837,"GCP, Python, Azure, Tableau, Deep Learning, SQL",86,82,4,19
76e331c5-b1b9-4dd8-8de3-9c36228dc194,HR Manager,South,Manufacturing,2025-10-25,101363,"React, AWS, Docker, Tableau, SQL, Kubernetes",51,72,-21,39
c946045f-34ec-4d42-a611-e5b11688e726,Software Engineer,West,Retail,2021-06-13,146198,"SQL, Node.js, Leadership, Machine Learning, Communication",50,46,4,18
7f6d367b-4337-485e-a9cd-39fa1c2e50ee,HR Manager,South,Tech,2022-06-03,102487,"Python, Machine Learning, Spark, Communication, Leadership",73,91,-18,48
caf9934c-96c3-4ca7-9891-84404898edaa,Cloud Architect,Northeast,Manufacturing,2020-12-02,185128,"Leadership, SQL, Spark",76,43,33,11
49d2e09b-49eb-45d2-bf64-af313906b563,Machine Learning Engineer,West,Healthcare,2023-01-06,156173,"GCP, Docker, Excel, Node.js",100,95,5,41
2807f014-cb77-49b5-8763-22ecc63caef7,Data Engineer,South,Retail,2021-04-28,123027,"AWS, SQL, Machine Learning",61,70,-9,18
743197de-e9c7-4f65-aab9-aec10b44c124,Business Analyst,Northeast,Healthcare,2020-10-04,87826,"GCP, Excel, AWS, Spark",74,49,25,28
6daf9e18-617d-4d5d-981c-0ef901362774,Software Engineer,South,Finance,2024-10-02,142171,"React, Excel, Azure, Machine Learning, Node.js, Communication",94,91,3,32
8d48a2a3-8f40-481f-a5c1-675c8c2d37b6,Data Scientist,South,Retail,2024-06-16,118548,"React, Tableau, Docker, Python, Leadership, AWS",73,30,43,17
2a03c8a4-ef12-428f-bd60-773becbc6673,Data Engineer,Northeast,Manufacturing,2024-03-19,138771,"Tableau, AWS, Docker",96,33,63,50
d5e75e0a-02f3-4728-aaaf-c8bbeec87616,Cloud Architect,South,Tech,2024-02-27,151064,"Deep Learning, Kubernetes, Tableau, Excel, Spark, Docker",50,90,-40,13
d33895df-9ea7-4001-99ad-bd8cf78d04d0,HR Manager,West,Manufacturing,2021-03-02,108728,"Azure, Kubernetes, SQL, AWS, GCP, Docker",51,81,-30,22
9f488ba0-6452-4028-a863-3377be8b58c6,Business Analyst,Midwest,Manufacturing,2021-03-25,71670,"Excel, React, Machine Learning",63,60,3,42
5e3ed532-7b12-4d5d-8607-a3d5343192a9,Machine Learning Engineer,Northeast,Healthcare,2020-10-23,158612,"Excel, AWS, Kubernetes, SQL, Deep Learning",92,35,57,38
57e1245e-a720-4c62-ad09-28bfd39029aa,Business Analyst,Midwest,Tech,2025-10-26,67490,"React, Azure, SQL",86,84,2,17
f6378a5a-6469-49af-b94f-321374883978,Cloud Architect,South,Healthcare,2022-02-03,146288,"SQL, Docker, Excel, Python",60,80,-20,41
dc2f8d14-84f0-41fa-9109-29499f753a3e,Software Engineer,Northeast,Manufacturing,2022-01-22,135546,"Spark, Deep Learning, AWS, GCP",73,86,-13,30
f69144d8-0c5c-46fb-9332-e9785f0df407,Business Analyst,West,Tech,2025-12-05,86374,"Node.js, Tableau, Leadership",46,90,-44,5
0447efca-d474-4ca3-b999-91b49d0ba795,DevOps Engineer,Northeast,Manufacturing,2020-02-23,116300,"Deep Learning, GCP, Docker, Excel",77,87,-10,18
d7f6eed6-2064-4bc7-96dc-73b164c920f0,Software Engineer,South,Healthcare,2022-06-20,125025,"Python, Leadership, Node.js",52,91,-39,20
e52def4c-cc48-48e2-94ce-ae6a4b1fc425,Software Engineer,West,Finance,2025-11-27,170317,"SQL, Azure, Deep Learning, GCP, Tableau, Machine Learning",100,34,66,48
2e0d8ad6-a011-4d02-b7a2-596f385f0188,Product Manager,West,Healthcare,2021-10-15,169486,"Docker, Kubernetes, Tableau, Machine Learning",66,70,-4,5
05a0fd9b-596f-449c-a6ac-753652dd3fa6,Machine Learning Engineer,Midwest,Manufacturing,2024-05-09,156970,"Docker, Python, Excel",94,34,60,7
d218cc7a-ca45-49a2-965d-dc8bfe62e653,Data Scientist,South,Tech,2025-12-21,131431,"Tableau, Node.js, Machine Learning, Leadership",86,68,18,26
0a8942f8-f9ed-44a6-b0aa-ecfd7b69c355,Data Scientist,South,Manufacturing,2021-04-25,120797,"Docker, Machine Learning, Python, Leadership, Excel",74,78,-4,20
68836535-bc85-49b4-8552-3ae71b7d1cb9,Data Engineer,West,Tech,2025-05-23,169797,"Node.js, Python, SQL, Azure, Machine Learning, Docker",67,61,6,9
70f03e06-4e3b-48b2-ad15-ba34155a1fba,DevOps Engineer,Northeast,Manufacturing,2025-10-31,142392,"Deep Learning, Azure, AWS, Spark",97,93,4,22
89b1fd1d-78bb-4511-81e0-33cd251df054,Data Scientist,West,Tech,2023-12-16,165452,"Excel, React, Node.js, Tableau, Spark",55,68,-13,47
2dcb06c7-5fc2-4547-9b3a-8e7144b29f1d,Cloud Architect,Midwest,Tech,2024-03-12,149585,"SQL, Communication, GCP, Python",88,72,16,19
aefaead8-cfbc-4d2c-8985-ab7d4a10edcd,Data Engineer,South,Retail,2023-05-06,129602,"Azure, Python, Node.js",60,47,13,27
6a281890-e0bd-4566-a1cf-c8bcec8e487a,DevOps Engineer,Midwest,Finance,2020-08-19,115663,"AWS, Excel, Tableau, SQL, GCP, Kubernetes",63,55,8,8
00b4f0cb-913c-4220-be8e-7c3706a971e7,Data Scientist,Midwest,Tech,2020-01-10,112432,"AWS, Docker, SQL, Python",44,51,-7,27
195d19ed-9d39-448b-8a2a-65cf3f24cce7,Product Manager,West,Retail,2025-07-28,174498,"Excel, Machine Learning, Spark, Docker, Tableau",68,95,-27,35
715ecdf9-6887-4046-a15e-de1a4d0f6ddf,DevOps Engineer,Northeast,Retail,2020-07-17,126349,"AWS, React, Azure, Tableau",57,83,-26,35
ee1aca3a-0b95-43a9-b329-ed6ce90d04eb,Cloud Architect,Midwest,Tech,2024-07-25,148939,"Deep Learning, Python, Spark, Kubernetes, Docker, Tableau",93,75,18,20
a9cc2127-a3d7-48d7-976a-21538726c7ad,Data Scientist,Midwest,Finance,2020-05-31,149107,"Tableau, Deep Learning, GCP, React, Excel",47,89,-42,49
8abbb1b1-d3f3-4fe0-a7f4-e1ad4ab91f59,Product Manager,Northeast,Manufacturing,2025-02-25,158701,"Machine Learning, SQL, AWS",77,55,22,19
190749dd-5b48-46e2-b15e-dad43b9b6fa1,Business Analyst,Northeast,Finance,2025-11-26,81808,"SQL, Excel, Machine Learning, Azure, GCP",48,31,17,16
e1622030-e4d5-47ad-ad45-b517d340d25d,Data Analyst,West,Tech,2020-09-28,101320,"AWS, Tableau, Python, React, Node.js, GCP",63,40,23,47
3749628b-ccbf-41da-85b5-b30826687cf8,Software Engineer,Northeast,Retail,2020-07-08,140217,"Communication, Leadership, AWS, Node.js, Machine Learning",87,74,13,40
8ff25db9-759d-45a7-847b-9011fc9188b1,Machine Learning Engineer,Midwest,Retail,2024-01-31,135041,"SQL, Node.js, Docker",67,56,11,25
2b1337c7-f24e-48f5-9f3b-5ae3bf178034,Machine Learning Engineer,South,Retail,2024-03-19,120175,"Azure, Docker, Machine Learning",91,70,21,12
610d31a1-2f9e-4db1-961f-8ebd23efdc65,Data Analyst,Midwest,Tech,2020-11-18,81760,"Node.js, Machine Learning, Tableau, AWS, Kubernetes",69,48,21,46
ef65a369-d3a2-4a9f-8c4e-199b408d4335,DevOps Engineer,Northeast,Manufacturing,2021-03-04,148125,"Spark, Leadership, Communication",78,39,39,17
aed19351-42d8-40fd-9b78-8208c3bc414e,HR Manager,South,Retail,2021-09-29,97910,"Tableau, React, Leadership",47,83,-36,22
d7f038c1-53f9-4814-b1cd-3db5b6e53ae9,Business Analyst,Midwest,Retail,2024-12-02,75130,"AWS, Node.js, Machine Learning, Kubernetes",74,63,11,39
3003a2f8-c61e-461c-ac5f-2ef95260d326,Software Engineer,South,Retail,2023-11-04,138613,"Tableau, Spark, AWS, SQL, Machine Learning",59,87,-28,27
e4dc1b77-4406-48c9-b624-2fcfdd23d240,Cloud Architect,West,Finance,2022-02-01,156441,"GCP, AWS, Tableau",89,50,39,13
d07c35e1-56cc-4a45-8a76-7f29faccf861,Product Manager,West,Healthcare,2021-01-18,141243,"Spark, Docker, Kubernetes, Node.js",98,71,27,15
c980ca79-90cb-4dd8-a910-15e7968fd43b,Data Scientist,Northeast,Retail,2020-10-17,163650,"Excel, AWS, Machine Learning",52,37,15,30
fad91cd3-67cf-4940-96c8-70aa4fe7dd4c,Software Engineer,South,Finance,2022-03-25,136776,"Deep Learning, Tableau, Excel, Spark",56,47,9,44
ad1da5bf-9a8a-4eb2-af99-db79ce8ba771,Product Manager,Northeast,Manufacturing,2022-07-31,167019,"Spark, Deep Learning, Kubernetes",74,90,-16,38
42141daa-453f-4ad2-a82f-3971cdeafbe8,HR Manager,South,Healthcare,2020-03-09,97982,"Machine Learning, AWS, Deep Learning, Excel, Node.js, Python",46,83,-37,35
6a50eacb-73c0-4c10-8efd-9857fdb8db7d,Product Manager,Northeast,Tech,2024-02-28,128561,"Docker, SQL, Leadership",91,86,5,30
f03e0d2c-a94a-4ff6-ac58-f7d136995340,Data Analyst,Midwest,Healthcare,2021-07-14,64212,"Docker, Node.js, React, Communication",69,38,31,40
ce79b4ff-fa35-4db0-bde9-7f9decae2e5e,Software Engineer,Midwest,Tech,2023-07-31,128978,"Tableau, React, Spark, Kubernetes, Machine Learning, Deep Learning",66,42,24,22
71b4764a-c1f4-4ba5-a98b-a65a99ef340b,Data Engineer,Northeast,Finance,2023-09-15,149515,"React, Spark, AWS, Communication, Excel, Leadership",53,88,-35,49
c2106015-ddfd-4c05-8d39-4c30acccd3c0,Business Analyst,Midwest,Healthcare,2025-07-09,84194,"Excel, Node.js, Deep Learning, Azure, Machine Learning, Docker",86,38,48,30
43473c74-b819-4d51-b5d9-a27a1ab60aab,Software Engineer,Midwest,Finance,2022-09-18,102818,"Node.js, Python, Communication",98,62,36,42
ff35c25c-1241-49d3-9077-055bfeb270d9,HR Manager,West,Finance,2020-09-15,92076,"Machine Learning, Kubernetes, Tableau, Node.js, Docker",85,37,48,21
4ef39b7b-9539-427e-b3fa-68be06d3d9c6,Business Analyst,Northeast,Retail,2025-01-31,103900,"Deep Learning, Tableau, Azure, Communication, Node.js",83,43,40,29
28350982-fbc0-4de5-a354-4c7831652a8d,Business Analyst,West,Tech,2021-07-04,96443,"Tableau, Azure, Leadership, Communication, Docker, Node.js",81,90,-9,31
c6b6248a-d8eb-419c-a068-a2649695bb3f,Product Manager,Northeast,Retail,2021-07-28,126839,"Docker, Excel, GCP",86,35,51,23
afd9fe80-fd30-4be9-9c15-7984997f9d6e,Software Engineer,Midwest,Retail,2022-07-06,117970,"Python, Leadership, Kubernetes, Azure",66,63,3,21
0d443f64-1256-4460-bf18-4c0945d2a125,Cloud Architect,Northeast,Healthcare,2024-10-01,180377,"AWS, Tableau, Communication, GCP, Azure",45,72,-27,46
18679fe8-56e4-43f4-a9c0-64cb38ce9cee,Product Manager,West,Retail,2023-08-08,139937,"Machine Learning, Excel, Deep Learning, Leadership, Tableau, AWS",97,57,40,33
2f227471-b7d0-4452-a8b9-26a71eab989b,Product Manager,Northeast,Finance,2025-04-10,154716,"Spark, Kubernetes, GCP, Machine Learning, SQL, Docker",100,34,66,38
7ae08d36-03af-440f-99dd-5794a0eec5f6,Data Engineer,South,Tech,2020-11-03,123504,"Leadership, Kubernetes, GCP, Spark, Python",72,95,-23,10
5bc134e8-d5b7-469e-9815-612d5f2b959e,Data Scientist,West,Retail,2024-03-27,179696,"Excel, Machine Learning, Docker",72,77,-5,8
c5cd9199-ec05-48ea-94e4-5adba4bb9d8b,Data Engineer,Midwest,Finance,2020-10-06,139004,"Deep Learning, Azure, Python",92,77,15,40
9465f665-e854-474a-bb34-f57422809005,Product Manager,West,Retail,2024-12-20,148157,"Python, Tableau, AWS, React",100,81,19,43
91efd705-269e-4ea5-bbb0-5cdd4a701d75,Product Manager,West,Retail,2025-03-30,141456,"Machine Learning, Deep Learning, Node.js, AWS, Spark",73,46,27,40
4e9498b3-1bd1-42db-8478-6985db51ffbf,Data Engineer,South,Healthcare,2025-02-23,129085,"Excel, Kubernetes, Docker",51,94,-43,49
fcec26f1-9ad3-4b45-8ab5-c084048e5180,Data Analyst,South,Tech,2024-02-03,85938,"AWS, SQL, Python, Kubernetes",40,87,-47,45
f9f79ad1-ec0c-4be7-841b-ffdc377fa9a8,Software Engineer,South,Retail,2025-07-03,118521,"SQL, Deep Learning, Docker",94,87,7,46
de2dd636-771e-4349-8573-3034a0137965,Cloud Architect,South,Tech,2020-09-18,159937,"Tableau, Communication, Deep Learning",97,91,6,29
2793a52e-4cd0-4dbc-9d38-4b2a082e8b00,HR Manager,South,Tech,2021-06-09,96755,"Communication, Spark, GCP, Machine Learning",75,53,22,28
b31afcb3-759e-48ff-8284-6793dea69e84,Software Engineer,Northeast,Healthcare,2023-12-30,123140,"Spark, Machine Learning, Azure, React",88,58,30,34
65237d5b-6f9c-418c-bbec-7359504c99ec,Data Analyst,Northeast,Retail,2022-03-24,77371,"Node.js, Azure, Excel, AWS",41,73,-32,35
0c5c5edc-b6ef-41ea-8bb7-b1dbb778a698,HR Manager,South,Finance,2022-01-29,82626,"Docker, AWS, Node.js",100,30,70,20
4520b144-9e53-4285-9bfb-e7fab3499e21,Software Engineer,Midwest,Healthcare,2023-08-08,99261,"Docker, Excel, Leadership, Tableau",52,87,-35,43
224ace35-4160-4173-92fd-c35a529497fd,Business Analyst,South,Tech,2023-06-30,77966,"GCP, Spark, Leadership, Excel, Machine Learning",64,45,19,36
d10dcc40-5e1c-4db3-8c6a-7355bbc9f39b,HR Manager,West,Healthcare,2021-02-12,113775,"Machine Learning, AWS, Node.js, Communication, Kubernetes",49,70,-21,43
48f241a7-72d3-465d-a4c6-d2bbd3fef235,Machine Learning Engineer,West,Retail,2024-04-14,205915,"Deep Learning, SQL, AWS",49,60,-11,43
8b22f387-6385-47f6-88ca-9be606c676ce,Product Manager,South,Retail,2025-06-01,109087,"Node.js, Leadership, Machine Learning, Communication, React",55,44,11,25
2d66adb4-2885-41ad-ae9e-f7ca199839da,Cloud Architect,South,Retail,2020-11-07,159496,"Spark, Machine Learning, Python",43,71,-28,7
120385f8-490c-497c-ada7-ed57f47ce569,Data Scientist,Midwest,Finance,2025-11-27,124186,"Deep Learning, Azure, Excel",92,72,20,48
fd1e32fc-4330-4a6e-a6d2-a7544520bf21,Data Analyst,Northeast,Tech,2021-02-09,71017,"Machine Learning, SQL, Kubernetes, Python, Excel",90,34,56,30
72be8da3-3560-4034-9380-2e4f7d6ebeee,Machine Learning Engineer,West,Healthcare,2025-02-10,155304,"Leadership, Python, Node.js, Machine Learning",50,80,-30,42
3c61a50d-2f5f-4b47-8a87-4c73e7b83177,Data Engineer,South,Manufacturing,2022-01-18,114797,"Docker, Deep Learning, Tableau, AWS",87,40,47,30
178a8324-0afa-4116-af8f-251799aa8424,Machine Learning Engineer,Midwest,Retail,2023-04-14,146172,"Python, Docker, Machine Learning, Communication, AWS, Kubernetes",47,58,-11,24
74416608-3b4b-4522-bcb5-2e815e1e4415,Data Engineer,South,Retail,2024-01-08,128388,"Spark, React, Excel, Azure",72,32,40,32
626cbca9-a4bc-40ee-b76f-a736e732e1dc,Data Engineer,Northeast,Finance,2022-12-29,153551,"Leadership, SQL, GCP, Excel, Tableau, AWS",50,43,7,27
a8f1eae2-2f73-47e6-9524-54249342585a,Cloud Architect,South,Healthcare,2025-07-18,145685,"Tableau, Kubernetes, React, Azure, Docker, Leadership",82,84,-2,26
1b6224b7-810c-47bb-8e04-bdb2230e8d79,Data Analyst,Northeast,Healthcare,2025-02-25,99917,"Tableau, Machine Learning, Node.js",57,90,-33,21
d05e0e5c-67a5-4496-a48c-e04b550ae968,Business Analyst,Midwest,Manufacturing,2021-07-21,65796,"Leadership, Node.js, Kubernetes",78,84,-6,25
afaf456f-5d3e-46fe-a583-19cea4db18ca,DevOps Engineer,Northeast,Tech,2021-09-23,120048,"Node.js, Spark, Communication",82,87,-5,21
96029a45-09de-4fe7-8a02-ae1fd27cabda,Data Scientist,South,Retail,2021-08-14,135735,"SQL, Docker, Communication, React",77,58,19,15
522b73bb-bae4-4574-b699-e17fc8d3492d,Software Engineer,Northeast,Healthcare,2023-06-30,119892,"Communication, Machine Learning, Docker, Deep Learning, Tableau",63,54,9,48
75d169b4-eb15-4ee8-9741-1d46fefc8161,Software Engineer,Northeast,Retail,2023-04-14,142639,"AWS, Tableau, Machine Learning",74,47,27,39
909919a5-bc98-49f2-8286-da53e4d1f17e,Software Engineer,South,Manufacturing,2025-01-19,123209,"GCP, Kubernetes, Azure",41,35,6,44
b411bc01-4224-47c0-9b1c-f579a4ad77e0,Product Manager,West,Finance,2020-11-08,136508,"Kubernetes, SQL, Deep Learning, GCP",68,93,-25,40
b293b7a0-4ac3-45ed-85b5-5d3d38981e2c,Data Engineer,Northeast,Finance,2021-06-18,147948,"Excel, Communication, GCP",87,63,24,38
e39e81eb-4b31-4df6-8911-ca76bf1bbd20,Data Engineer,South,Healthcare,2023-06-28,134087,"Excel, Tableau, SQL, Machine Learning, Deep Learning, Spark",50,48,2,10
14fefc7f-0a67-494a-a0f2-80be675c90c5,Data Analyst,Northeast,Manufacturing,2023-03-16,86198,"GCP, AWS, Deep Learning, Tableau, Excel, Communication",59,61,-2,10
bfce162f-79c2-4255-96a1-2062fb3a45f0,Software Engineer,West,Healthcare,2025-12-22,139181,"Tableau, Python, AWS, Leadership, GCP",80,33,47,44
d59d4ce2-5020-4c36-b881-51f6fcdae90a,Business Analyst,Northeast,Finance,2022-09-24,75891,"Machine Learning, Deep Learning, Excel, Python, Kubernetes",77,95,-18,43
24208697-c676-4644-9495-d5c119bcd431,Product Manager,Northeast,Tech,2024-07-11,129380,"React, SQL, Node.js, Azure, Python",49,57,-8,34
7364f27d-3243-41a4-8d53-bf74211cb6d1,Software Engineer,Northeast,Retail,2024-12-29,126702,"React, Machine Learning, AWS, Communication, GCP, Node.js",100,77,23,17
6477ab8f-5a6d-4258-909e-40d4ddc1aaa9,Software Engineer,South,Manufacturing,2023-06-09,142505,"Tableau, AWS, Communication, Machine Learning",96,30,66,33
54b89779-2197-496e-8d34-87f783d788f7,Business Analyst,South,Manufacturing,2022-06-28,72015,"Machine Learning, Python, React, Docker",43,89,-46,10
1acf1115-792d-4d08-b1a1-2c05943dba13,Cloud Architect,Midwest,Retail,2022-10-17,151049,"Azure, Excel, Tableau, Python, GCP, Spark",40,77,-37,35
d5ced494-fb9d-4e35-9db7-3e4ad2e36805,Business Analyst,West,Retail,2020-05-18,108710,"Kubernetes, Excel, Azure, Tableau",98,44,54,39
7d9ca28a-c4af-4905-8230-a98dde0dce19,HR Manager,Midwest,Manufacturing,2025-07-08,90231,"Kubernetes, Spark, GCP",70,89,-19,13
637437e6-ebf2-4e07-93b5-c4b223557343,Software Engineer,West,Tech,2023-12-18,131075,"Spark, Kubernetes, Azure",68,82,-14,33
a9c1ca37-2131-4889-8cc3-819ac10cb0b0,DevOps Engineer,West,Manufacturing,2020-11-24,145102,"Excel, AWS, Tableau, Docker, Machine Learning",100,79,21,40
14ac5a72-11dd-4eaa-b058-479c6a399d95,HR Manager,Midwest,Finance,2024-05-18,87096,"Docker, Communication, Tableau, Node.js, Leadership",42,86,-44,27
f470327c-338c-4958-8150-9173b6ea482d,Data Scientist,Midwest,Finance,2023-07-31,148414,"Machine Learning, Communication, Python",78,41,37,21
3a843f53-fb37-499c-9e56-5c18307ec4d8,Product Manager,Northeast,Healthcare,2024-03-08,158011,"SQL, Docker, Azure, Excel, AWS",43,76,-33,5
15f078c1-93f4-46db-a517-1b1cbbaf75a1,Business Analyst,West,Retail,2023-11-18,103688,"Leadership, Spark, AWS, React",41,63,-22,6
abd6b458-0f3a-48be-a22a-739a8c021b45,HR Manager,Northeast,Manufacturing,2020-11-26,91645,"Node.js, AWS, SQL, Kubernetes",50,62,-12,26
2c4b5650-88a4-4154-9ce7-657ca1f63dfe,Product Manager,Northeast,Healthcare,2022-12-02,150051,"Communication, React, Excel",92,83,9,40
fac2af22-7664-4efc-be76-6efce5ee404f,HR Manager,Midwest,Finance,2020-05-30,70458,"Spark, Docker, Excel, Deep Learning, Machine Learning, SQL",99,54,45,20
9a46958d-0e89-4afb-a5e7-908cf5c4f1c4,HR Manager,South,Retail,2021-05-16,100493,"Docker, GCP, Spark, Excel",66,71,-5,17
72cd0519-5025-4c3a-af00-ddb981052246,Machine Learning Engineer,Midwest,Tech,2023-04-21,149587,"Communication, Python, Leadership, Tableau, GCP, Docker",57,53,4,41
3c83380d-a806-4f33-9a17-69cfc1dc538d,Business Analyst,Midwest,Retail,2022-09-29,65832,"Excel, Leadership, Tableau",67,32,35,34
d3568bc1-9b05-47e0-9ec3-7304432b1dc9,Data Scientist,Northeast,Finance,2024-12-18,137037,"AWS, Azure, Node.js, GCP, Python, SQL",57,35,22,30
c4c064dd-df5e-4bff-8e37-17c0592c76b5,Machine Learning Engineer,South,Finance,2022-10-13,150932,"Spark, Excel, GCP",66,48,18,7
12c7a8c6-dba0-4a73-a263-7d5984b458ae,HR Manager,Midwest,Healthcare,2023-10-14,91289,"Azure, Spark, Tableau, Leadership",56,56,0,43
f64239ea-b93b-4715-b553-8cbbe38f509b,HR Manager,West,Tech,2023-09-21,113616,"Communication, GCP, Excel, React, Deep Learning, Tableau",76,58,18,7
8310292d-dd9d-4705-9ebb-41753b9939ac,Software Engineer,Northeast,Finance,2020-08-21,115024,"GCP, React, Leadership, Communication",99,65,34,25
9744c553-d6b1-4972-bd43-4976191c7df9,Data Engineer,West,Finance,2021-10-01,177027,"SQL, Excel, Machine Learning, AWS",80,60,20,44
487bde6a-fd19-454b-80dd-950b0fa58e5c,Business Analyst,Midwest,Retail,2024-01-17,80037,"Docker, GCP, Kubernetes, Deep Learning, Tableau, Machine Learning",56,80,-24,44
3aac6382-c2f1-417b-9076-680d7b5d1583,Machine Learning Engineer,South,Finance,2021-01-08,154795,"GCP, Azure, AWS, React, Docker",86,69,17,29
cef660cd-5b2a-4bb0-a121-8f3c31992e71,Data Analyst,Northeast,Finance,2020-01-06,70377,"Docker, Deep Learning, Spark, Python, Excel, Machine Learning",73,34,39,6
b8db654f-3ccc-47c1-9310-9dcdebec1be5,Product Manager,Northeast,Manufacturing,2023-08-29,135482,"Node.js, Python, SQL, Docker, Azure",46,91,-45,11
5c65c8f1-bd15-406d-a512-3c319658886a,Data Engineer,Northeast,Manufacturing,2020-10-30,153687,"SQL, Machine Learning, Node.js",87,30,57,49
7c9bbbf5-f03a-4576-bf89-c137ff4e50cb,DevOps Engineer,West,Finance,2024-05-10,122638,"Spark, Excel, AWS, Tableau, SQL, Deep Learning",50,42,8,47
24eded56-dd14-4dbe-9f01-c6e5f590d216,Business Analyst,Midwest,Retail,2020-10-01,88186,"Docker, Kubernetes, Communication",86,69,17,41
0d986df7-b397-4c38-8ff8-d88db4403da8,Cloud Architect,Northeast,Manufacturing,2025-07-05,156876,"Machine Learning, Tableau, Node.js, Python, Deep Learning",46,33,13,9
6f63013b-95d3-421a-bbe1-e81f5a143301,Business Analyst,South,Finance,2023-11-04,73076,"Deep Learning, GCP, AWS, React, Azure, SQL",72,62,10,35
dc80a60a-ad8c-4a4c-aa4b-d301f021efea,HR Manager,West,Tech,2021-10-14,97517,"Spark, Leadership, Azure, GCP, React, Node.js",68,39,29,49
30d9e953-0ad0-4db6-b72a-b74e9c7204e6,Cloud Architect,West,Retail,2025-01-31,166784,"Python, Communication, React",93,78,15,10
f2717a2e-d70a-40c7-9cfa-59e3f2e049e2,DevOps Engineer,Northeast,Healthcare,2020-05-01,151014,"SQL, Communication, Excel, Node.js",70,62,8,29
ef2f8106-7e52-4d30-a14b-4865ca1435a7,Product Manager,Midwest,Retail,2022-03-10,118030,"Azure, Node.js, Communication",68,66,2,14
6b7edb36-c8ad-43df-9063-66378908a093,Data Scientist,Northeast,Healthcare,2020-10-29,148839,"Deep Learning, AWS, Python, Docker, Tableau, Spark",68,92,-24,10
f85c4b10-7a7b-4734-a633-80a468640a71,Data Engineer,South,Tech,2023-03-11,115546,"Machine Learning, Azure, Leadership",79,57,22,6
f0b52209-42f8-4d1b-a24c-ea4a30e929e6,Cloud Architect,Northeast,Retail,2021-07-29,148818,"Leadership, Kubernetes, Spark, Machine Learning, GCP, Communication",63,81,-18,38
6e15b28d-2ef3-46d4-8759-53606b50dfca,Data Engineer,West,Tech,2024-12-17,170616,"Spark, Communication, AWS",45,57,-12,8
8f022ee5-a2d9-46d6-a426-899a8df18934,Machine Learning Engineer,South,Manufacturing,2023-10-07,136725,"Node.js, Communication, Deep Learning, Kubernetes",49,73,-24,46
8b341197-fcc7-45e9-9496-57c8b07bd36e,Data Engineer,Midwest,Manufacturing,2022-08-29,130845,"GCP, Spark, Docker, React",95,30,65,26
e10331cf-fedb-48b2-90fe-b0c0347bfe12,DevOps Engineer,South,Retail,2025-10-12,101590,"AWS, Communication, Azure, Spark, Tableau, Docker",70,91,-21,21
8c9bb229-2f8f-4d07-96ad-8c78bcbdd4f1,Product Manager,Northeast,Tech,2024-05-30,169257,"Docker, Excel, Node.js, Tableau, GCP",81,46,35,10
93caf6b6-5cf1-4f84-a1e1-418fd9cf97bd,Data Scientist,Midwest,Tech,2025-12-27,112157,"Leadership, Communication, Node.js, Kubernetes, Deep Learning",59,79,-20,19
ecd56a28-e501-4061-bb65-f89e9363d04a,Machine Learning Engineer,Midwest,Tech,2020-02-12,154386,"SQL, Tableau, Azure, React, Excel, Machine Learning",57,74,-17,30
ee98c2d1-1efb-4554-a2b2-e7b1abab16bd,Cloud Architect,Northeast,Manufacturing,2020-09-07,155994,"Kubernetes, React, SQL, Python",42,46,-4,16
f71dc8c7-2df1-4914-8d69-b88f83e993ff,Data Engineer,South,Healthcare,2020-10-28,135227,"SQL, Node.js, Spark",46,62,-16,10
